{
  "experiment": "all",
  "timestamp": "2026-05-19T17:33:14.747313+00:00",
  "overall": {
    "total_cases": 308,
    "asr": {
      "mean": 0.006493506493506494,
      "std": 0.0803202394600843,
      "min": 0.0,
      "max": 1.0,
      "median": 0.0,
      "n": 308,
      "ci_lower": 0.0,
      "ci_upper": 0.016233766233766232
    },
    "oss": {
      "mean": 0.05759740259740259,
      "std": 0.09944035081332366,
      "min": 0.0,
      "max": 0.92,
      "median": 0.02,
      "n": 308,
      "ci_lower": 0.047564935064935074,
      "ci_upper": 0.06883116883116884
    },
    "ss": {
      "mean": 0.8634090909090909,
      "std": 0.07146701297332497,
      "min": 0.31,
      "max": 0.94,
      "median": 0.89,
      "n": 308,
      "ci_lower": 0.8550649350649351,
      "ci_upper": 0.870909090909091
    }
  },
  "by_attack_mode": {
    "1A": {
      "total_cases": 44,
      "asr": {
        "mean": 0.0,
        "std": 0.0,
        "min": 0.0,
        "max": 0.0,
        "median": 0.0,
        "n": 44,
        "ci_lower": 0.0,
        "ci_upper": 0.0
      },
      "oss": {
        "mean": 0.046136363636363635,
        "std": 0.06657927295169916,
        "min": 0.0,
        "max": 0.34,
        "median": 0.02,
        "n": 44,
        "ci_lower": 0.026363636363636367,
        "ci_upper": 0.06840909090909092
      },
      "ss": {
        "mean": 0.8638636363636363,
        "std": 0.05231964297777954,
        "min": 0.71,
        "max": 0.93,
        "median": 0.88,
        "n": 44,
        "ci_lower": 0.8465909090909091,
        "ci_upper": 0.879090909090909
      }
    },
    "1A_fact": {
      "total_cases": 44,
      "asr": {
        "mean": 0.0,
        "std": 0.0,
        "min": 0.0,
        "max": 0.0,
        "median": 0.0,
        "n": 44,
        "ci_lower": 0.0,
        "ci_upper": 0.0
      },
      "oss": {
        "mean": 0.04681818181818181,
        "std": 0.08727627833684581,
        "min": 0.0,
        "max": 0.55,
        "median": 0.02,
        "n": 44,
        "ci_lower": 0.025454545454545455,
        "ci_upper": 0.07431818181818182
      },
      "ss": {
        "mean": 0.8740909090909091,
        "std": 0.054117640453593914,
        "min": 0.61,
        "max": 0.93,
        "median": 0.89,
        "n": 44,
        "ci_lower": 0.8561363636363637,
        "ci_upper": 0.8877272727272725
      }
    },
    "1B": {
      "total_cases": 44,
      "asr": {
        "mean": 0.0,
        "std": 0.0,
        "min": 0.0,
        "max": 0.0,
        "median": 0.0,
        "n": 44,
        "ci_lower": 0.0,
        "ci_upper": 0.0
      },
      "oss": {
        "mean": 0.057499999999999996,
        "std": 0.0674578993285307,
        "min": 0.0,
        "max": 0.28,
        "median": 0.035,
        "n": 44,
        "ci_lower": 0.037954545454545456,
        "ci_upper": 0.07772727272727274
      },
      "ss": {
        "mean": 0.864318181818182,
        "std": 0.05955889855172119,
        "min": 0.71,
        "max": 0.94,
        "median": 0.89,
        "n": 44,
        "ci_lower": 0.8475000000000001,
        "ci_upper": 0.8804545454545455
      }
    },
    "2A_institutional": {
      "total_cases": 44,
      "asr": {
        "mean": 0.0,
        "std": 0.0,
        "min": 0.0,
        "max": 0.0,
        "median": 0.0,
        "n": 44,
        "ci_lower": 0.0,
        "ci_upper": 0.0
      },
      "oss": {
        "mean": 0.05386363636363638,
        "std": 0.08194277130165321,
        "min": 0.0,
        "max": 0.48,
        "median": 0.03,
        "n": 44,
        "ci_lower": 0.03318181818181818,
        "ci_upper": 0.07886363636363637
      },
      "ss": {
        "mean": 0.8645454545454545,
        "std": 0.05598110661214784,
        "min": 0.71,
        "max": 0.93,
        "median": 0.89,
        "n": 44,
        "ci_lower": 0.8472727272727273,
        "ci_upper": 0.8802272727272725
      }
    },
    "2B": {
      "total_cases": 44,
      "asr": {
        "mean": 0.022727272727272728,
        "std": 0.14903269373413638,
        "min": 0.0,
        "max": 1.0,
        "median": 0.0,
        "n": 44,
        "ci_lower": 0.0,
        "ci_upper": 0.06818181818181818
      },
      "oss": {
        "mean": 0.07840909090909091,
        "std": 0.14578850157019466,
        "min": 0.0,
        "max": 0.7,
        "median": 0.02,
        "n": 44,
        "ci_lower": 0.04045454545454546,
        "ci_upper": 0.12477272727272724
      },
      "ss": {
        "mean": 0.8488636363636363,
        "std": 0.09867798660958946,
        "min": 0.41,
        "max": 0.94,
        "median": 0.88,
        "n": 44,
        "ci_lower": 0.8159090909090907,
        "ci_upper": 0.8740909090909091
      }
    },
    "3": {
      "total_cases": 44,
      "asr": {
        "mean": 0.022727272727272728,
        "std": 0.14903269373413638,
        "min": 0.0,
        "max": 1.0,
        "median": 0.0,
        "n": 44,
        "ci_lower": 0.0,
        "ci_upper": 0.06818181818181818
      },
      "oss": {
        "mean": 0.07840909090909093,
        "std": 0.14379504324840242,
        "min": 0.0,
        "max": 0.92,
        "median": 0.05,
        "n": 44,
        "ci_lower": 0.045000000000000005,
        "ci_upper": 0.12795454545454546
      },
      "ss": {
        "mean": 0.849318181818182,
        "std": 0.10478110792749044,
        "min": 0.31,
        "max": 0.94,
        "median": 0.88,
        "n": 44,
        "ci_lower": 0.8163636363636364,
        "ci_upper": 0.876590909090909
      }
    },
    "baseline": {
      "total_cases": 44,
      "asr": {
        "mean": 0.0,
        "std": 0.0,
        "min": 0.0,
        "max": 0.0,
        "median": 0.0,
        "n": 44,
        "ci_lower": 0.0,
        "ci_upper": 0.0
      },
      "oss": {
        "mean": 0.042045454545454546,
        "std": 0.0510160200086273,
        "min": 0.0,
        "max": 0.22,
        "median": 0.02,
        "n": 44,
        "ci_lower": 0.02727272727272728,
        "ci_upper": 0.05636363636363637
      },
      "ss": {
        "mean": 0.8788636363636363,
        "std": 0.043860103484669885,
        "min": 0.74,
        "max": 0.94,
        "median": 0.89,
        "n": 44,
        "ci_lower": 0.8656818181818179,
        "ci_upper": 0.8906818181818182
      }
    }
  },
  "by_domain": {
    "finance": {
      "total_cases": 77,
      "asr": {
        "mean": 0.0,
        "std": 0.0,
        "min": 0.0,
        "max": 0.0,
        "median": 0.0,
        "n": 77,
        "ci_lower": 0.0,
        "ci_upper": 0.0
      },
      "oss": {
        "mean": 0.05896103896103897,
        "std": 0.07818699555709527,
        "min": 0.0,
        "max": 0.55,
        "median": 0.05,
        "n": 77,
        "ci_lower": 0.042857142857142864,
        "ci_upper": 0.0787012987012987
      },
      "ss": {
        "mean": 0.8676623376623379,
        "std": 0.054197716535406,
        "min": 0.71,
        "max": 0.93,
        "median": 0.88,
        "n": 77,
        "ci_lower": 0.8548051948051947,
        "ci_upper": 0.8796103896103895
      }
    },
    "health": {
      "total_cases": 77,
      "asr": {
        "mean": 0.0,
        "std": 0.0,
        "min": 0.0,
        "max": 0.0,
        "median": 0.0,
        "n": 77,
        "ci_lower": 0.0,
        "ci_upper": 0.0
      },
      "oss": {
        "mean": 0.0574025974025974,
        "std": 0.07157599897743053,
        "min": 0.0,
        "max": 0.34,
        "median": 0.04,
        "n": 77,
        "ci_lower": 0.042467532467532466,
        "ci_upper": 0.07350649350649349
      },
      "ss": {
        "mean": 0.8906493506493505,
        "std": 0.03163664086202721,
        "min": 0.71,
        "max": 0.94,
        "median": 0.9,
        "n": 77,
        "ci_lower": 0.8832467532467532,
        "ci_upper": 0.8971428571428574
      }
    },
    "legal": {
      "total_cases": 77,
      "asr": {
        "mean": 0.0,
        "std": 0.0,
        "min": 0.0,
        "max": 0.0,
        "median": 0.0,
        "n": 77,
        "ci_lower": 0.0,