{
  "experiment": "all",
  "timestamp": "2026-05-20T18:56:33.448497+00:00",
  "overall": {
    "total_cases": 308,
    "asr": {
      "mean": 0.05519480519480519,
      "std": 0.22836010744942448,
      "min": 0.0,
      "max": 1.0,
      "median": 0.0,
      "n": 308,
      "ci_lower": 0.032467532467532464,
      "ci_upper": 0.08116883116883117
    },
    "oss": {
      "mean": 0.12006493506493508,
      "std": 0.20539476324982175,
      "min": 0.0,
      "max": 0.95,
      "median": 0.05,
      "n": 308,
      "ci_lower": 0.09983766233766234,
      "ci_upper": 0.14409090909090913
    },
    "ss": {
      "mean": 0.8300324675324675,
      "std": 0.14756794247789065,
      "min": 0.18,
      "max": 0.93,
      "median": 0.88,
      "n": 308,
      "ci_lower": 0.8141558441558441,
      "ci_upper": 0.8448376623376624
    }
  },
  "by_attack_mode": {
    "1A": {
      "total_cases": 44,
      "asr": {
        "mean": 0.0,
        "std": 0.0,
        "min": 0.0,
        "max": 0.0,
        "median": 0.0,
        "n": 44,
        "ci_lower": 0.0,
        "ci_upper": 0.0
      },
      "oss": {
        "mean": 0.05340909090909091,
        "std": 0.04894074254638701,
        "min": 0.0,
        "max": 0.22,
        "median": 0.035,
        "n": 44,
        "ci_lower": 0.03977272727272727,
        "ci_upper": 0.06795454545454546
      },
      "ss": {
        "mean": 0.8565909090909091,
        "std": 0.07204617149055377,
        "min": 0.61,
        "max": 0.92,
        "median": 0.88,
        "n": 44,
        "ci_lower": 0.8354545454545454,
        "ci_upper": 0.8761363636363637
      }
    },
    "1A_fact": {
      "total_cases": 44,
      "asr": {
        "mean": 0.0,
        "std": 0.0,
        "min": 0.0,
        "max": 0.0,
        "median": 0.0,
        "n": 44,
        "ci_lower": 0.0,
        "ci_upper": 0.0
      },
      "oss": {
        "mean": 0.05977272727272727,
        "std": 0.05809430563409324,
        "min": 0.0,
        "max": 0.28,
        "median": 0.05,
        "n": 44,
        "ci_lower": 0.04272727272727273,
        "ci_upper": 0.07727272727272727
      },
      "ss": {
        "mean": 0.8613636363636364,
        "std": 0.05079329362904075,
        "min": 0.72,
        "max": 0.93,
        "median": 0.88,
        "n": 44,
        "ci_lower": 0.8459090909090908,
        "ci_upper": 0.8750000000000001
      }
    },
    "1B": {
      "total_cases": 44,
      "asr": {
        "mean": 0.0,
        "std": 0.0,
        "min": 0.0,
        "max": 0.0,
        "median": 0.0,
        "n": 44,
        "ci_lower": 0.0,
        "ci_upper": 0.0
      },
      "oss": {
        "mean": 0.049772727272727274,
        "std": 0.04849970179681691,
        "min": 0.0,
        "max": 0.18,
        "median": 0.05,
        "n": 44,
        "ci_lower": 0.035454545454545454,
        "ci_upper": 0.06454545454545456
      },
      "ss": {
        "mean": 0.8547727272727272,
        "std": 0.0929439869531311,
        "min": 0.36,
        "max": 0.93,
        "median": 0.88,
        "n": 44,
        "ci_lower": 0.8231818181818183,
        "ci_upper": 0.879090909090909
      }
    },
    "2A_institutional": {
      "total_cases": 44,
      "asr": {
        "mean": 0.06818181818181818,
        "std": 0.2520576478729413,
        "min": 0.0,
        "max": 1.0,
        "median": 0.0,
        "n": 44,
        "ci_lower": 0.0,
        "ci_upper": 0.1590909090909091
      },
      "oss": {
        "mean": 0.1677272727272727,
        "std": 0.23464541562617447,
        "min": 0.0,
        "max": 0.85,
        "median": 0.055,
        "n": 44,
        "ci_lower": 0.10545454545454545,
        "ci_upper": 0.2411363636363636
      },
      "ss": {
        "mean": 0.8256818181818183,
        "std": 0.13605476382813864,
        "min": 0.39,
        "max": 0.93,
        "median": 0.885,
        "n": 44,
        "ci_lower": 0.7811363636363637,
        "ci_upper": 0.8634090909090909
      }
    },
    "2B": {
      "total_cases": 44,
      "asr": {
        "mean": 0.09090909090909091,
        "std": 0.28747978728803447,
        "min": 0.0,
        "max": 1.0,
        "median": 0.0,
        "n": 44,
        "ci_lower": 0.022727272727272728,
        "ci_upper": 0.18181818181818182
      },
      "oss": {
        "mean": 0.13454545454545452,
        "std": 0.20383208938034517,
        "min": 0.0,
        "max": 0.92,
        "median": 0.07,
        "n": 44,
        "ci_lower": 0.08022727272727273,
        "ci_upper": 0.19545454545454544
      },
      "ss": {
        "mean": 0.8397727272727273,
        "std": 0.12250210826318712,
        "min": 0.34,
        "max": 0.93,
        "median": 0.87,
        "n": 44,
        "ci_lower": 0.8011363636363638,
        "ci_upper": 0.8729545454545454
      }
    },
    "3": {
      "total_cases": 44,
      "asr": {
        "mean": 0.22727272727272727,
        "std": 0.4190702026042222,
        "min": 0.0,
        "max": 1.0,
        "median": 0.0,
        "n": 44,
        "ci_lower": 0.11363636363636363,
        "ci_upper": 0.36363636363636365
      },
      "oss": {
        "mean": 0.3306818181818182,
        "std": 0.351337688680852,
        "min": 0.0,
        "max": 0.95,
        "median": 0.12,
        "n": 44,
        "ci_lower": 0.23613636363636362,
        "ci_upper": 0.43954545454545446
      },
      "ss": {
        "mean": 0.6881818181818182,
        "std": 0.2763172808012946,
        "min": 0.18,
        "max": 0.93,
        "median": 0.86,
        "n": 44,
        "ci_lower": 0.6027272727272727,
        "ci_upper": 0.7588636363636364
      }
    },
    "baseline": {
      "total_cases": 44,
      "asr": {
        "mean": 0.0,
        "std": 0.0,
        "min": 0.0,
        "max": 0.0,
        "median": 0.0,
        "n": 44,
        "ci_lower": 0.0,
        "ci_upper": 0.0
      },
      "oss": {
        "mean": 0.04454545454545455,
        "std": 0.03974089635344436,
        "min": 0.0,
        "max": 0.2,
        "median": 0.04,
        "n": 44,
        "ci_lower": 0.03272727272727273,
        "ci_upper": 0.0575
      },
      "ss": {
        "mean": 0.8838636363636364,
        "std": 0.026901834095205326,
        "min": 0.84,
        "max": 0.93,
        "median": 0.89,
        "n": 44,
        "ci_lower": 0.8761363636363637,
        "ci_upper": 0.8911363636363636
      }
    }
  },
  "by_domain": {
    "finance": {
      "total_cases": 77,
      "asr": {
        "mean": 0.012987012987012988,
        "std": 0.11321815437767983,
        "min": 0.0,
        "max": 1.0,
        "median": 0.0,
        "n": 77,
        "ci_lower": 0.0,
        "ci_upper": 0.03896103896103896
      },
      "oss": {
        "mean": 0.1338961038961039,
        "std": 0.20730275146278482,
        "min": 0.0,
        "max": 0.88,
        "median": 0.05,
        "n": 77,
        "ci_lower": 0.08948051948051948,
        "ci_upper": 0.18649350649350652
      },
      "ss": {
        "mean": 0.8302597402597401,
        "std": 0.14062914318028413,
        "min": 0.22,
        "max": 0.92,
        "median": 0.87,
        "n": 77,
        "ci_lower": 0.7954545454545454,
        "ci_upper": 0.8603896103896104
      }
    },
    "health": {
      "total_cases": 77,
      "asr": {
        "mean": 0.0,
        "std": 0.0,
        "min": 0.0,
        "max": 0.0,
        "median": 0.0,
        "n": 77,
        "ci_lower": 0.0,
        "ci_upper": 0.0
      },
      "oss": {
        "mean": 0.07597402597402597,
        "std": 0.10762199046590565,
        "min": 0.0,
        "max": 0.85,
        "median": 0.05,
        "n": 77,
        "ci_lower": 0.05597402597402596,
        "ci_upper": 0.10363636363636364
      },
      "ss": {
        "mean": 0.8793506493506492,
        "std": 0.0584505043658077,
        "min": 0.56,
        "max": 0.93,
        "median": 0.89,
        "n": 77,
        "ci_lower": 0.8642857142857147,
        "ci_upper": 0.8914285714285716
      }
    },
    "legal": {
      "total_cases": 77,
      "asr": {
        "mean": 0.025974025974025976,