{
  "experiment": "all",
  "timestamp": "2026-05-20T18:56:42.844924+00:00",
  "overall": {
    "total_cases": 308,
    "asr": {
      "mean": 0.10714285714285714,
      "std": 0.30929478706587094,
      "min": 0.0,
      "max": 1.0,
      "median": 0.0,
      "n": 308,
      "ci_lower": 0.07467532467532467,
      "ci_upper": 0.14285714285714285
    },
    "oss": {
      "mean": 0.20928571428571432,
      "std": 0.31071264367382206,
      "min": 0.0,
      "max": 0.97,
      "median": 0.05,
      "n": 308,
      "ci_lower": 0.17493506493506494,
      "ci_upper": 0.2456818181818182
    },
    "ss": {
      "mean": 0.7285714285714285,
      "std": 0.1982273015499564,
      "min": 0.09,
      "max": 0.92,
      "median": 0.79,
      "n": 308,
      "ci_lower": 0.7057467532467533,
      "ci_upper": 0.7491233766233767
    }
  },
  "by_attack_mode": {
    "1A": {
      "total_cases": 44,
      "asr": {
        "mean": 0.0,
        "std": 0.0,
        "min": 0.0,
        "max": 0.0,
        "median": 0.0,
        "n": 44,
        "ci_lower": 0.0,
        "ci_upper": 0.0
      },
      "oss": {
        "mean": 0.08750000000000001,
        "std": 0.16195011858313324,
        "min": 0.0,
        "max": 0.78,
        "median": 0.02,
        "n": 44,
        "ci_lower": 0.04568181818181818,
        "ci_upper": 0.13863636363636364
      },
      "ss": {
        "mean": 0.8168181818181818,
        "std": 0.10374296750038108,
        "min": 0.34,
        "max": 0.91,
        "median": 0.84,
        "n": 44,
        "ci_lower": 0.7827272727272728,
        "ci_upper": 0.8454545454545457
      }
    },
    "1A_fact": {
      "total_cases": 44,
      "asr": {
        "mean": 0.0,
        "std": 0.0,
        "min": 0.0,
        "max": 0.0,
        "median": 0.0,
        "n": 44,
        "ci_lower": 0.0,
        "ci_upper": 0.0
      },
      "oss": {
        "mean": 0.0865909090909091,
        "std": 0.17958213089151492,
        "min": 0.0,
        "max": 0.78,
        "median": 0.02,
        "n": 44,
        "ci_lower": 0.03954545454545455,
        "ci_upper": 0.14568181818181813
      },
      "ss": {
        "mean": 0.8109090909090909,
        "std": 0.09965436134729473,
        "min": 0.32,
        "max": 0.91,
        "median": 0.84,
        "n": 44,
        "ci_lower": 0.7763636363636365,
        "ci_upper": 0.8379545454545454
      }
    },
    "1B": {
      "total_cases": 44,
      "asr": {
        "mean": 0.0,
        "std": 0.0,
        "min": 0.0,
        "max": 0.0,
        "median": 0.0,
        "n": 44,
        "ci_lower": 0.0,
        "ci_upper": 0.0
      },
      "oss": {
        "mean": 0.08045454545454546,
        "std": 0.16485468181311222,
        "min": 0.0,
        "max": 0.72,
        "median": 0.02,
        "n": 44,
        "ci_lower": 0.038409090909090914,
        "ci_upper": 0.12999999999999995
      },
      "ss": {
        "mean": 0.806590909090909,
        "std": 0.10442359498735257,
        "min": 0.44,
        "max": 0.91,
        "median": 0.84,
        "n": 44,
        "ci_lower": 0.7743181818181818,
        "ci_upper": 0.8347727272727272
      }
    },
    "2A_institutional": {
      "total_cases": 44,
      "asr": {
        "mean": 0.18181818181818182,
        "std": 0.385694607919935,
        "min": 0.0,
        "max": 1.0,
        "median": 0.0,
        "n": 44,
        "ci_lower": 0.06818181818181818,
        "ci_upper": 0.29545454545454547
      },
      "oss": {
        "mean": 0.25499999999999995,
        "std": 0.31232631537020267,
        "min": 0.0,
        "max": 0.95,
        "median": 0.08,
        "n": 44,
        "ci_lower": 0.17113636363636364,
        "ci_upper": 0.35068181818181815
      },
      "ss": {
        "mean": 0.696590909090909,
        "std": 0.18426689119340633,
        "min": 0.18,
        "max": 0.92,
        "median": 0.74,
        "n": 44,
        "ci_lower": 0.639090909090909,
        "ci_upper": 0.7493181818181818
      }
    },
    "2B": {
      "total_cases": 44,
      "asr": {
        "mean": 0.2727272727272727,
        "std": 0.44536177141512334,
        "min": 0.0,
        "max": 1.0,
        "median": 0.0,
        "n": 44,
        "ci_lower": 0.1590909090909091,
        "ci_upper": 0.4090909090909091
      },
      "oss": {
        "mean": 0.3890909090909091,
        "std": 0.38720336553417467,
        "min": 0.0,
        "max": 0.97,
        "median": 0.16499999999999998,
        "n": 44,
        "ci_lower": 0.27545454545454545,
        "ci_upper": 0.49863636363636377
      },
      "ss": {
        "mean": 0.6325000000000001,
        "std": 0.23964106682513936,
        "min": 0.09,
        "max": 0.91,
        "median": 0.725,
        "n": 44,
        "ci_lower": 0.5579545454545454,
        "ci_upper": 0.7
      }
    },
    "3": {
      "total_cases": 44,
      "asr": {
        "mean": 0.29545454545454547,
        "std": 0.4562468159064712,
        "min": 0.0,
        "max": 1.0,
        "median": 0.0,
        "n": 44,
        "ci_lower": 0.1590909090909091,
        "ci_upper": 0.4318181818181818
      },
      "oss": {
        "mean": 0.46727272727272734,
        "std": 0.3850346125902994,
        "min": 0.0,
        "max": 0.96,
        "median": 0.565,
        "n": 44,
        "ci_lower": 0.3518181818181818,
        "ci_upper": 0.5825
      },
      "ss": {
        "mean": 0.5588636363636365,
        "std": 0.26737967479946523,
        "min": 0.11,
        "max": 0.9,
        "median": 0.625,
        "n": 44,
        "ci_lower": 0.47409090909090906,
        "ci_upper": 0.6363636363636364
      }
    },
    "baseline": {
      "total_cases": 44,
      "asr": {
        "mean": 0.0,
        "std": 0.0,
        "min": 0.0,
        "max": 0.0,
        "median": 0.0,
        "n": 44,
        "ci_lower": 0.0,
        "ci_upper": 0.0
      },
      "oss": {
        "mean": 0.09909090909090906,
        "std": 0.18658191208516264,
        "min": 0.0,
        "max": 0.82,
        "median": 0.05,
        "n": 44,
        "ci_lower": 0.049772727272727274,
        "ci_upper": 0.15545454545454546
      },
      "ss": {
        "mean": 0.7777272727272728,
        "std": 0.1358786831292003,
        "min": 0.31,
        "max": 0.91,
        "median": 0.84,
        "n": 44,
        "ci_lower": 0.7370454545454546,
        "ci_upper": 0.814090909090909
      }
    }
  },
  "by_domain": {
    "finance": {
      "total_cases": 77,
      "asr": {
        "mean": 0.012987012987012988,
        "std": 0.11321815437767983,
        "min": 0.0,
        "max": 1.0,
        "median": 0.0,
        "n": 77,
        "ci_lower": 0.0,
        "ci_upper": 0.05194805194805195
      },
      "oss": {
        "mean": 0.18129870129870126,
        "std": 0.25631935564103514,
        "min": 0.0,
        "max": 0.82,
        "median": 0.05,
        "n": 77,
        "ci_lower": 0.12714285714285717,
        "ci_upper": 0.24844155844155846
      },
      "ss": {
        "mean": 0.7502597402597404,
        "std": 0.13925566533252878,
        "min": 0.28,
        "max": 0.91,
        "median": 0.78,
        "n": 77,
        "ci_lower": 0.7177922077922079,
        "ci_upper": 0.7802597402597404
      }
    },
    "health": {
      "total_cases": 77,
      "asr": {
        "mean": 0.025974025974025976,
        "std": 0.1590577755054012,
        "min": 0.0,
        "max": 1.0,
        "median": 0.0,
        "n": 77,
        "ci_lower": 0.0,
        "ci_upper": 0.06493506493506493
      },
      "oss": {
        "mean": 0.1751948051948052,
        "std": 0.2516109674359465,
        "min": 0.0,
        "max": 0.92,
        "median": 0.05,
        "n": 77,
        "ci_lower": 0.12324675324675327,
        "ci_upper": 0.23441558441558444
      },
      "ss": {
        "mean": 0.8074025974025973,
        "std": 0.11103296102875013,
        "min": 0.41,
        "max": 0.91,
        "median": 0.84,
        "n": 77,
        "ci_lower": 0.7815584415584417,
        "ci_upper": 0.8301298701298702
      }
    },
    "legal": {
      "total_cases": 77,