{
  "experiment": "all",
  "timestamp": "2026-05-21T08:00:25.671463+00:00",
  "overall": {
    "total_cases": 308,
    "asr": {
      "mean": 0.18181818181818182,
      "std": 0.38569460791993493,
      "min": 0.0,
      "max": 1.0,
      "median": 0.0,
      "n": 308,
      "ci_lower": 0.14285714285714285,
      "ci_upper": 0.2305194805194805
    },
    "oss": {
      "mean": 0.27896103896103897,
      "std": 0.3445996525824707,
      "min": 0.0,
      "max": 0.98,
      "median": 0.08,
      "n": 308,
      "ci_lower": 0.2429545454545454,
      "ci_upper": 0.317012987012987
    },
    "ss": {
      "mean": 0.7247077922077924,
      "std": 0.2188300777459408,
      "min": 0.08,
      "max": 0.93,
      "median": 0.84,
      "n": 308,
      "ci_lower": 0.700422077922078,
      "ci_upper": 0.7486038961038961
    }
  },
  "by_attack_mode": {
    "1A": {
      "total_cases": 44,
      "asr": {
        "mean": 0.0,
        "std": 0.0,
        "min": 0.0,
        "max": 0.0,
        "median": 0.0,
        "n": 44,
        "ci_lower": 0.0,
        "ci_upper": 0.0
      },
      "oss": {
        "mean": 0.1425,
        "std": 0.2532975702428057,
        "min": 0.0,
        "max": 0.95,
        "median": 0.025,
        "n": 44,
        "ci_lower": 0.07363636363636362,
        "ci_upper": 0.21613636363636363
      },
      "ss": {
        "mean": 0.834090909090909,
        "std": 0.07808265381277894,
        "min": 0.58,
        "max": 0.93,
        "median": 0.86,
        "n": 44,
        "ci_lower": 0.810909090909091,
        "ci_upper": 0.8556818181818181
      }
    },
    "1A_fact": {
      "total_cases": 44,
      "asr": {
        "mean": 0.045454545454545456,
        "std": 0.20829889522526546,
        "min": 0.0,
        "max": 1.0,
        "median": 0.0,
        "n": 44,
        "ci_lower": 0.0,
        "ci_upper": 0.11363636363636363
      },
      "oss": {
        "mean": 0.15568181818181817,
        "std": 0.2570761978239201,
        "min": 0.0,
        "max": 0.98,
        "median": 0.045,
        "n": 44,
        "ci_lower": 0.09045454545454545,
        "ci_upper": 0.2313636363636364
      },
      "ss": {
        "mean": 0.8022727272727276,
        "std": 0.1628281810035524,
        "min": 0.19,
        "max": 0.93,
        "median": 0.86,
        "n": 44,
        "ci_lower": 0.7486363636363635,
        "ci_upper": 0.8447727272727277
      }
    },
    "1B": {
      "total_cases": 44,
      "asr": {
        "mean": 0.022727272727272728,
        "std": 0.14903269373413638,
        "min": 0.0,
        "max": 1.0,
        "median": 0.0,
        "n": 44,
        "ci_lower": 0.0,
        "ci_upper": 0.06818181818181818
      },
      "oss": {
        "mean": 0.1293181818181818,
        "std": 0.21665219012879447,
        "min": 0.0,
        "max": 0.92,
        "median": 0.05,
        "n": 44,
        "ci_lower": 0.07204545454545454,
        "ci_upper": 0.19113636363636363
      },
      "ss": {
        "mean": 0.8445454545454545,
        "std": 0.0634054251139782,
        "min": 0.67,
        "max": 0.93,
        "median": 0.86,
        "n": 44,
        "ci_lower": 0.8243181818181818,
        "ci_upper": 0.8613636363636363
      }
    },
    "2A_institutional": {
      "total_cases": 44,
      "asr": {
        "mean": 0.18181818181818182,
        "std": 0.385694607919935,
        "min": 0.0,
        "max": 1.0,
        "median": 0.0,
        "n": 44,
        "ci_lower": 0.06818181818181818,
        "ci_upper": 0.29545454545454547
      },
      "oss": {
        "mean": 0.2913636363636364,
        "std": 0.3346136911634812,
        "min": 0.0,
        "max": 0.92,
        "median": 0.1,
        "n": 44,
        "ci_lower": 0.19295454545454546,
        "ci_upper": 0.3884090909090909
      },
      "ss": {
        "mean": 0.7329545454545454,
        "std": 0.18142841745756652,
        "min": 0.31,
        "max": 0.91,
        "median": 0.79,
        "n": 44,
        "ci_lower": 0.6763636363636363,
        "ci_upper": 0.7822727272727273
      }
    },
    "2B": {
      "total_cases": 44,
      "asr": {
        "mean": 0.5227272727272727,
        "std": 0.4994832039962707,
        "min": 0.0,
        "max": 1.0,
        "median": 1.0,
        "n": 44,
        "ci_lower": 0.36363636363636365,
        "ci_upper": 0.6818181818181818
      },
      "oss": {
        "mean": 0.5054545454545455,
        "std": 0.36106190948276284,
        "min": 0.0,
        "max": 0.95,
        "median": 0.65,
        "n": 44,
        "ci_lower": 0.39204545454545453,
        "ci_upper": 0.6009090909090908
      },
      "ss": {
        "mean": 0.5793181818181818,
        "std": 0.2331834795262455,
        "min": 0.12,
        "max": 0.92,
        "median": 0.61,
        "n": 44,
        "ci_lower": 0.5115909090909091,
        "ci_upper": 0.6452272727272728
      }
    },
    "3": {
      "total_cases": 44,
      "asr": {
        "mean": 0.5,
        "std": 0.5,
        "min": 0.0,
        "max": 1.0,
        "median": 0.5,
        "n": 44,
        "ci_lower": 0.3409090909090909,
        "ci_upper": 0.6590909090909091
      },
      "oss": {
        "mean": 0.5993181818181819,
        "std": 0.35859826678631446,
        "min": 0.02,
        "max": 0.98,
        "median": 0.78,
        "n": 44,
        "ci_lower": 0.4888636363636365,
        "ci_upper": 0.7038636363636364
      },
      "ss": {
        "mean": 0.44727272727272727,
        "std": 0.24560096642876592,
        "min": 0.08,
        "max": 0.91,
        "median": 0.41,
        "n": 44,
        "ci_lower": 0.3740909090909091,
        "ci_upper": 0.5215909090909091
      }
    },
    "baseline": {
      "total_cases": 44,
      "asr": {
        "mean": 0.0,
        "std": 0.0,
        "min": 0.0,
        "max": 0.0,
        "median": 0.0,
        "n": 44,
        "ci_lower": 0.0,
        "ci_upper": 0.0
      },
      "oss": {
        "mean": 0.1290909090909091,
        "std": 0.2244469787744797,
        "min": 0.0,
        "max": 0.88,
        "median": 0.05,
        "n": 44,
        "ci_lower": 0.06568181818181819,
        "ci_upper": 0.19840909090909092
      },
      "ss": {
        "mean": 0.8325,
        "std": 0.09395659055697429,
        "min": 0.41,
        "max": 0.93,
        "median": 0.87,
        "n": 44,
        "ci_lower": 0.8038636363636364,
        "ci_upper": 0.8584090909090908
      }
    }
  },
  "by_domain": {
    "finance": {
      "total_cases": 77,
      "asr": {
        "mean": 0.06493506493506493,
        "std": 0.24641124624688673,
        "min": 0.0,
        "max": 1.0,
        "median": 0.0,
        "n": 77,
        "ci_lower": 0.012987012987012988,
        "ci_upper": 0.11688311688311688
      },
      "oss": {
        "mean": 0.2319480519480519,
        "std": 0.28520686937793227,
        "min": 0.0,
        "max": 0.9,
        "median": 0.12,
        "n": 77,
        "ci_lower": 0.16818181818181818,
        "ci_upper": 0.29701298701298695
      },
      "ss": {
        "mean": 0.7301298701298701,
        "std": 0.19851718828061282,
        "min": 0.18,
        "max": 0.93,
        "median": 0.78,
        "n": 77,
        "ci_lower": 0.6861038961038961,
        "ci_upper": 0.7731168831168832
      }
    },
    "health": {
      "total_cases": 77,
      "asr": {
        "mean": 0.12987012987012986,
        "std": 0.3361604962479164,
        "min": 0.0,
        "max": 1.0,
        "median": 0.0,
        "n": 77,
        "ci_lower": 0.06493506493506493,
        "ci_upper": 0.2077922077922078
      },
      "oss": {
        "mean": 0.372987012987013,
        "std": 0.3682533886780893,
        "min": 0.0,
        "max": 0.96,
        "median": 0.16,
        "n": 77,
        "ci_lower": 0.2938961038961039,
        "ci_upper": 0.4522077922077922
      },
      "ss": {
        "mean": 0.7303896103896105,
        "std": 0.20193506451744922,
        "min": 0.08,
        "max": 0.93,
        "median": 0.79,
        "n": 77,
        "ci_lower": 0.6814285714285715,