{
  "experiment": "all",
  "timestamp": "2026-05-19T17:35:55.517787+00:00",
  "overall": {
    "total_cases": 308,
    "asr": {
      "mean": 0.17207792207792208,
      "std": 0.37744815645498475,
      "min": 0.0,
      "max": 1.0,
      "median": 0.0,
      "n": 308,
      "ci_lower": 0.12987012987012986,
      "ci_upper": 0.21753246753246752
    },
    "oss": {
      "mean": 0.2650974025974026,
      "std": 0.34394246478759,
      "min": 0.0,
      "max": 0.98,
      "median": 0.08,
      "n": 308,
      "ci_lower": 0.22652597402597402,
      "ci_upper": 0.3055519480519481
    },
    "ss": {
      "mean": 0.6534415584415584,
      "std": 0.21621111577480065,
      "min": 0.12,
      "max": 0.94,
      "median": 0.71,
      "n": 308,
      "ci_lower": 0.6283441558441558,
      "ci_upper": 0.6764935064935066
    }
  },
  "by_attack_mode": {
    "1A": {
      "total_cases": 44,
      "asr": {
        "mean": 0.0,
        "std": 0.0,
        "min": 0.0,
        "max": 0.0,
        "median": 0.0,
        "n": 44,
        "ci_lower": 0.0,
        "ci_upper": 0.0
      },
      "oss": {
        "mean": 0.11159090909090909,
        "std": 0.19773654628200926,
        "min": 0.0,
        "max": 0.78,
        "median": 0.05,
        "n": 44,
        "ci_lower": 0.05704545454545455,
        "ci_upper": 0.17045454545454544
      },
      "ss": {
        "mean": 0.7377272727272728,
        "std": 0.15128034836571766,
        "min": 0.34,
        "max": 0.93,
        "median": 0.76,
        "n": 44,
        "ci_lower": 0.6906818181818181,
        "ci_upper": 0.7795454545454547
      }
    },
    "1A_fact": {
      "total_cases": 44,
      "asr": {
        "mean": 0.0,
        "std": 0.0,
        "min": 0.0,
        "max": 0.0,
        "median": 0.0,
        "n": 44,
        "ci_lower": 0.0,
        "ci_upper": 0.0
      },
      "oss": {
        "mean": 0.11704545454545454,
        "std": 0.2285883511850957,
        "min": 0.0,
        "max": 0.82,
        "median": 0.03,
        "n": 44,
        "ci_lower": 0.05113636363636364,
        "ci_upper": 0.18931818181818183
      },
      "ss": {
        "mean": 0.7281818181818184,
        "std": 0.16818918902766944,
        "min": 0.21,
        "max": 0.94,
        "median": 0.75,
        "n": 44,
        "ci_lower": 0.6775,
        "ci_upper": 0.7752272727272729
      }
    },
    "1B": {
      "total_cases": 44,
      "asr": {
        "mean": 0.022727272727272728,
        "std": 0.14903269373413638,
        "min": 0.0,
        "max": 1.0,
        "median": 0.0,
        "n": 44,
        "ci_lower": 0.0,
        "ci_upper": 0.06818181818181818
      },
      "oss": {
        "mean": 0.1261363636363636,
        "std": 0.19112366188473737,
        "min": 0.0,
        "max": 0.86,
        "median": 0.05,
        "n": 44,
        "ci_lower": 0.0740909090909091,
        "ci_upper": 0.18363636363636368
      },
      "ss": {
        "mean": 0.6818181818181818,
        "std": 0.18290922645937505,
        "min": 0.18,
        "max": 0.94,
        "median": 0.725,
        "n": 44,
        "ci_lower": 0.6231818181818182,
        "ci_upper": 0.7325
      }
    },
    "2A_institutional": {
      "total_cases": 44,
      "asr": {
        "mean": 0.22727272727272727,
        "std": 0.4190702026042222,
        "min": 0.0,
        "max": 1.0,
        "median": 0.0,
        "n": 44,
        "ci_lower": 0.11363636363636363,
        "ci_upper": 0.36363636363636365
      },
      "oss": {
        "mean": 0.32022727272727275,
        "std": 0.3540190585288494,
        "min": 0.0,
        "max": 0.88,
        "median": 0.09,
        "n": 44,
        "ci_lower": 0.22068181818181812,
        "ci_upper": 0.43204545454545457
      },
      "ss": {
        "mean": 0.6170454545454546,
        "std": 0.18804713559799724,
        "min": 0.21,
        "max": 0.93,
        "median": 0.635,
        "n": 44,
        "ci_lower": 0.5604545454545454,
        "ci_upper": 0.6688636363636363
      }
    },
    "2B": {
      "total_cases": 44,
      "asr": {
        "mean": 0.3409090909090909,
        "std": 0.47401485487759565,
        "min": 0.0,
        "max": 1.0,
        "median": 0.0,
        "n": 44,
        "ci_lower": 0.20454545454545456,
        "ci_upper": 0.4772727272727273
      },
      "oss": {
        "mean": 0.3775,
        "std": 0.38106981584147354,
        "min": 0.0,
        "max": 0.98,
        "median": 0.15,
        "n": 44,
        "ci_lower": 0.27090909090909093,
        "ci_upper": 0.4890909090909091
      },
      "ss": {
        "mean": 0.6463636363636364,
        "std": 0.23898545894421455,
        "min": 0.18,
        "max": 0.92,
        "median": 0.71,
        "n": 44,
        "ci_lower": 0.5752272727272728,
        "ci_upper": 0.7181818181818181
      }
    },
    "3": {
      "total_cases": 44,
      "asr": {
        "mean": 0.6136363636363636,
        "std": 0.48691557467337615,
        "min": 0.0,
        "max": 1.0,
        "median": 1.0,
        "n": 44,
        "ci_lower": 0.45454545454545453,
        "ci_upper": 0.75
      },
      "oss": {
        "mean": 0.6527272727272728,
        "std": 0.3407169155309516,
        "min": 0.0,
        "max": 0.98,
        "median": 0.78,
        "n": 44,
        "ci_lower": 0.5445454545454544,
        "ci_upper": 0.7461363636363636
      },
      "ss": {
        "mean": 0.39454545454545453,
        "std": 0.1994361887632978,
        "min": 0.12,
        "max": 0.94,
        "median": 0.38,
        "n": 44,
        "ci_lower": 0.33795454545454545,
        "ci_upper": 0.45795454545454534
      }
    },
    "baseline": {
      "total_cases": 44,
      "asr": {
        "mean": 0.0,
        "std": 0.0,
        "min": 0.0,
        "max": 0.0,
        "median": 0.0,
        "n": 44,
        "ci_lower": 0.0,
        "ci_upper": 0.0
      },
      "oss": {
        "mean": 0.15045454545454542,
        "std": 0.26399857562851414,
        "min": 0.0,
        "max": 0.95,
        "median": 0.05,
        "n": 44,
        "ci_lower": 0.08136363636363637,
        "ci_upper": 0.23704545454545453
      },
      "ss": {
        "mean": 0.7684090909090908,
        "std": 0.12343461982726252,
        "min": 0.34,
        "max": 0.94,
        "median": 0.78,
        "n": 44,
        "ci_lower": 0.7297727272727272,
        "ci_upper": 0.8013636363636363
      }
    }
  },
  "by_domain": {
    "finance": {
      "total_cases": 77,
      "asr": {
        "mean": 0.012987012987012988,
        "std": 0.11321815437767983,
        "min": 0.0,
        "max": 1.0,
        "median": 0.0,
        "n": 77,
        "ci_lower": 0.0,
        "ci_upper": 0.03896103896103896
      },
      "oss": {
        "mean": 0.17350649350649353,
        "std": 0.24051225761222753,
        "min": 0.0,
        "max": 0.9,
        "median": 0.08,
        "n": 77,
        "ci_lower": 0.1209090909090909,
        "ci_upper": 0.23207792207792205
      },
      "ss": {
        "mean": 0.6472727272727274,
        "std": 0.18662857316373987,
        "min": 0.19,
        "max": 0.91,
        "median": 0.68,
        "n": 77,
        "ci_lower": 0.6050649350649351,
        "ci_upper": 0.6896103896103897
      }
    },
    "health": {
      "total_cases": 77,
      "asr": {
        "mean": 0.1038961038961039,
        "std": 0.30512571751872025,
        "min": 0.0,
        "max": 1.0,
        "median": 0.0,
        "n": 77,
        "ci_lower": 0.03896103896103896,
        "ci_upper": 0.18181818181818182
      },
      "oss": {
        "mean": 0.30116883116883114,
        "std": 0.35520242637660665,
        "min": 0.0,
        "max": 0.98,
        "median": 0.08,
        "n": 77,
        "ci_lower": 0.22402597402597407,
        "ci_upper": 0.3827272727272728
      },
      "ss": {
        "mean": 0.7385714285714285,
        "std": 0.1825128658387142,
        "min": 0.18,
        "max": 0.94,
        "median": 0.78,
        "n": 77,
        "ci_lower": 0.6942857142857144,
        "ci_upper": 0.775064935064935
      }
    },