{
  "experiment": "all",
  "timestamp": "2026-05-20T09:12:43.984571+00:00",
  "overall": {
    "total_cases": 308,
    "asr": {
      "mean": 0.12337662337662338,
      "std": 0.32886901979482075,
      "min": 0.0,
      "max": 1.0,
      "median": 0.0,
      "n": 308,
      "ci_lower": 0.08766233766233766,
      "ci_upper": 0.16233766233766234
    },
    "oss": {
      "mean": 0.21256493506493507,
      "std": 0.30215607099309255,
      "min": 0.0,
      "max": 0.97,
      "median": 0.05,
      "n": 308,
      "ci_lower": 0.18113636363636362,
      "ci_upper": 0.24698051948051947
    },
    "ss": {
      "mean": 0.773831168831169,
      "std": 0.1936615673407287,
      "min": 0.12,
      "max": 0.93,
      "median": 0.86,
      "n": 308,
      "ci_lower": 0.7513311688311689,
      "ci_upper": 0.7954545454545454
    }
  },
  "by_attack_mode": {
    "1A": {
      "total_cases": 44,
      "asr": {
        "mean": 0.0,
        "std": 0.0,
        "min": 0.0,
        "max": 0.0,
        "median": 0.0,
        "n": 44,
        "ci_lower": 0.0,
        "ci_upper": 0.0
      },
      "oss": {
        "mean": 0.10159090909090908,
        "std": 0.18905197916564184,
        "min": 0.0,
        "max": 0.72,
        "median": 0.02,
        "n": 44,
        "ci_lower": 0.04954545454545455,
        "ci_upper": 0.15727272727272726
      },
      "ss": {
        "mean": 0.8497727272727271,
        "std": 0.09176275329654178,
        "min": 0.41,
        "max": 0.93,
        "median": 0.875,
        "n": 44,
        "ci_lower": 0.8186363636363637,
        "ci_upper": 0.8740909090909089
      }
    },
    "1A_fact": {
      "total_cases": 44,
      "asr": {
        "mean": 0.022727272727272728,
        "std": 0.14903269373413638,
        "min": 0.0,
        "max": 1.0,
        "median": 0.0,
        "n": 44,
        "ci_lower": 0.0,
        "ci_upper": 0.06818181818181818
      },
      "oss": {
        "mean": 0.08295454545454546,
        "std": 0.16281025690068213,
        "min": 0.0,
        "max": 0.82,
        "median": 0.02,
        "n": 44,
        "ci_lower": 0.04113636363636364,
        "ci_upper": 0.13522727272727272
      },
      "ss": {
        "mean": 0.8479545454545455,
        "std": 0.0733788285497857,
        "min": 0.63,
        "max": 0.93,
        "median": 0.88,
        "n": 44,
        "ci_lower": 0.825909090909091,
        "ci_upper": 0.8675
      }
    },
    "1B": {
      "total_cases": 44,
      "asr": {
        "mean": 0.0,
        "std": 0.0,
        "min": 0.0,
        "max": 0.0,
        "median": 0.0,
        "n": 44,
        "ci_lower": 0.0,
        "ci_upper": 0.0
      },
      "oss": {
        "mean": 0.09999999999999996,
        "std": 0.15687284949630673,
        "min": 0.0,
        "max": 0.74,
        "median": 0.035,
        "n": 44,
        "ci_lower": 0.057272727272727274,
        "ci_upper": 0.14954545454545454
      },
      "ss": {
        "mean": 0.8525000000000001,
        "std": 0.0911323961956649,
        "min": 0.34,
        "max": 0.91,
        "median": 0.88,
        "n": 44,
        "ci_lower": 0.8215909090909089,
        "ci_upper": 0.8756818181818182
      }
    },
    "2A_institutional": {
      "total_cases": 44,
      "asr": {
        "mean": 0.13636363636363635,
        "std": 0.3431742925123068,
        "min": 0.0,
        "max": 1.0,
        "median": 0.0,
        "n": 44,
        "ci_lower": 0.045454545454545456,
        "ci_upper": 0.22727272727272727
      },
      "oss": {
        "mean": 0.23000000000000007,
        "std": 0.2812957033572904,
        "min": 0.0,
        "max": 0.82,
        "median": 0.08,
        "n": 44,
        "ci_lower": 0.15250000000000002,
        "ci_upper": 0.31090909090909097
      },
      "ss": {
        "mean": 0.7522727272727273,
        "std": 0.17985933438464977,
        "min": 0.28,
        "max": 0.93,
        "median": 0.84,
        "n": 44,
        "ci_lower": 0.6954545454545454,
        "ci_upper": 0.8013636363636365
      }
    },
    "2B": {
      "total_cases": 44,
      "asr": {
        "mean": 0.29545454545454547,
        "std": 0.45624681590647115,
        "min": 0.0,
        "max": 1.0,
        "median": 0.0,
        "n": 44,
        "ci_lower": 0.1590909090909091,
        "ci_upper": 0.4318181818181818
      },
      "oss": {
        "mean": 0.3406818181818182,
        "std": 0.3688520134840525,
        "min": 0.0,
        "max": 0.97,
        "median": 0.11,
        "n": 44,
        "ci_lower": 0.23340909090909093,
        "ci_upper": 0.45363636363636356
      },
      "ss": {
        "mean": 0.6931818181818182,
        "std": 0.2533033819469948,
        "min": 0.14,
        "max": 0.92,
        "median": 0.785,
        "n": 44,
        "ci_lower": 0.6140909090909091,
        "ci_upper": 0.7684090909090908
      }
    },
    "3": {
      "total_cases": 44,
      "asr": {
        "mean": 0.4090909090909091,
        "std": 0.4916660830178167,
        "min": 0.0,
        "max": 1.0,
        "median": 0.0,
        "n": 44,
        "ci_lower": 0.25,
        "ci_upper": 0.5681818181818182
      },
      "oss": {
        "mean": 0.4790909090909091,
        "std": 0.37370879634122867,
        "min": 0.0,
        "max": 0.97,
        "median": 0.565,
        "n": 44,
        "ci_lower": 0.3693181818181818,
        "ci_upper": 0.59
      },
      "ss": {
        "mean": 0.5915909090909092,
        "std": 0.27004160606888794,
        "min": 0.12,
        "max": 0.91,
        "median": 0.6950000000000001,
        "n": 44,
        "ci_lower": 0.5065909090909092,
        "ci_upper": 0.6697727272727273
      }
    },
    "baseline": {
      "total_cases": 44,
      "asr": {
        "mean": 0.0,
        "std": 0.0,
        "min": 0.0,
        "max": 0.0,
        "median": 0.0,
        "n": 44,
        "ci_lower": 0.0,
        "ci_upper": 0.0
      },
      "oss": {
        "mean": 0.15363636363636363,
        "std": 0.2537365393571818,
        "min": 0.0,
        "max": 0.96,
        "median": 0.05,
        "n": 44,
        "ci_lower": 0.08431818181818182,
        "ci_upper": 0.23386363636363638
      },
      "ss": {
        "mean": 0.8295454545454546,
        "std": 0.10126370940754248,
        "min": 0.43,
        "max": 0.93,
        "median": 0.86,
        "n": 44,
        "ci_lower": 0.7977272727272727,
        "ci_upper": 0.8554545454545455
      }
    }
  },
  "by_domain": {
    "finance": {
      "total_cases": 77,
      "asr": {
        "mean": 0.0,
        "std": 0.0,
        "min": 0.0,
        "max": 0.0,
        "median": 0.0,
        "n": 77,
        "ci_lower": 0.0,
        "ci_upper": 0.0
      },
      "oss": {
        "mean": 0.1509090909090909,
        "std": 0.24581791285622726,
        "min": 0.0,
        "max": 0.92,
        "median": 0.05,
        "n": 77,
        "ci_lower": 0.09961038961038961,
        "ci_upper": 0.21675324675324678
      },
      "ss": {
        "mean": 0.7932467532467533,
        "std": 0.14980889608631873,
        "min": 0.28,
        "max": 0.93,
        "median": 0.86,
        "n": 77,
        "ci_lower": 0.76,
        "ci_upper": 0.826883116883117
      }
    },
    "health": {
      "total_cases": 77,
      "asr": {
        "mean": 0.06493506493506493,
        "std": 0.24641124624688673,
        "min": 0.0,
        "max": 1.0,
        "median": 0.0,
        "n": 77,
        "ci_lower": 0.012987012987012988,
        "ci_upper": 0.12987012987012986
      },
      "oss": {
        "mean": 0.28818181818181815,
        "std": 0.2841424888240683,
        "min": 0.0,
        "max": 0.82,
        "median": 0.18,
        "n": 77,
        "ci_lower": 0.22909090909090915,
        "ci_upper": 0.3515584415584415
      },
      "ss": {
        "mean": 0.8141558441558443,
        "std": 0.11458961954472265,
        "min": 0.34,
        "max": 0.93,
        "median": 0.84,
        "n": 77,
        "ci_lower": 0.786883116883117,
        "ci_upper": 0.838181818181818
      }
    },
    "legal": {
      "total_cases": 77,