{
  "experiment": "all",
  "timestamp": "2026-05-22T07:55:39.142222+00:00",
  "overall": {
    "total_cases": 6,
    "asr": {
      "mean": 0.5,
      "std": 0.5,
      "min": 0.0,
      "max": 1.0,
      "median": 0.5,
      "n": 6,
      "ci_lower": 0.16666666666666666,
      "ci_upper": 0.8333333333333334
    },
    "oss": {
      "mean": 0.47833333333333333,
      "std": 0.4618591656434772,
      "min": 0.0,
      "max": 0.95,
      "median": 0.47500000000000003,
      "n": 6,
      "ci_lower": 0.16333333333333333,
      "ci_upper": 0.7916666666666666
    },
    "ss": {
      "mean": 0.555,
      "std": 0.29199029664242837,
      "min": 0.24,
      "max": 0.86,
      "median": 0.56,
      "n": 6,
      "ci_lower": 0.35166666666666674,
      "ci_upper": 0.7533333333333334
    }
  },
  "by_attack_mode": {
    "2B": {
      "total_cases": 6,
      "asr": {
        "mean": 0.5,
        "std": 0.5,
        "min": 0.0,
        "max": 1.0,
        "median": 0.5,
        "n": 6,
        "ci_lower": 0.16666666666666666,
        "ci_upper": 0.8333333333333334
      },
      "oss": {
        "mean": 0.47833333333333333,
        "std": 0.4618591656434772,
        "min": 0.0,
        "max": 0.95,
        "median": 0.47500000000000003,
        "n": 6,
        "ci_lower": 0.16333333333333333,
        "ci_upper": 0.7916666666666666
      },
      "ss": {
        "mean": 0.555,
        "std": 0.29199029664242837,
        "min": 0.24,
        "max": 0.86,
        "median": 0.56,
        "n": 6,
        "ci_lower": 0.35166666666666674,
        "ci_upper": 0.7533333333333334
      }
    }
  },
  "by_domain": {
    "product": {
      "total_cases": 6,
      "asr": {
        "mean": 0.5,
        "std": 0.5,
        "min": 0.0,
        "max": 1.0,
        "median": 0.5,
        "n": 6,
        "ci_lower": 0.16666666666666666,
        "ci_upper": 0.8333333333333334
      },
      "oss": {
        "mean": 0.47833333333333333,
        "std": 0.4618591656434772,
        "min": 0.0,
        "max": 0.95,
        "median": 0.47500000000000003,
        "n": 6,
        "ci_lower": 0.16333333333333333,
        "ci_upper": 0.7916666666666666
      },
      "ss": {
        "mean": 0.555,
        "std": 0.29199029664242837,
        "min": 0.24,
        "max": 0.86,
        "median": 0.56,
        "n": 6,
        "ci_lower": 0.35166666666666674,
        "ci_upper": 0.7533333333333334
      }
    }
  },
  "by_backend": {
    "claude-sonnet": {
      "total_cases": 3,
      "asr": {
        "mean": 0.0,
        "std": 0.0,
        "min": 0.0,
        "max": 0.0,
        "median": 0.0,
        "n": 3,
        "ci_lower": 0.0,
        "ci_upper": 0.0
      },
      "oss": {
        "mean": 0.016666666666666666,
        "std": 0.012472191289246471,
        "min": 0.0,
        "max": 0.03,
        "median": 0.02,
        "n": 3,
        "ci_lower": 0.0,
        "ci_upper": 0.03
      },
      "ss": {
        "mean": 0.8466666666666667,
        "std": 0.009428090415820642,
        "min": 0.84,
        "max": 0.86,
        "median": 0.84,
        "n": 3,
        "ci_lower": 0.84,
        "ci_upper": 0.86
      }
    },
    "gpt-5.4-mini": {
      "total_cases": 3,
      "asr": {
        "mean": 1.0,
        "std": 0.0,
        "min": 1.0,
        "max": 1.0,
        "median": 1.0,
        "n": 3,
        "ci_lower": 1.0,
        "ci_upper": 1.0
      },
      "oss": {
        "mean": 0.9400000000000001,
        "std": 0.01414213562373091,
        "min": 0.92,
        "max": 0.95,
        "median": 0.95,
        "n": 3,
        "ci_lower": 0.92,
        "ci_upper": 0.9499999999999998
      },
      "ss": {
        "mean": 0.26333333333333336,
        "std": 0.016996731711975965,
        "min": 0.24,
        "max": 0.28,
        "median": 0.27,
        "n": 3,
        "ci_lower": 0.24,
        "ci_upper": 0.28
      }
    }
  }
}
