{
  "experiment": "all",
  "timestamp": "2026-05-19T20:20:18.983864+00:00",
  "overall": {
    "total_cases": 308,
    "asr": {
      "mean": 0.14935064935064934,
      "std": 0.35643377069125864,
      "min": 0.0,
      "max": 1.0,
      "median": 0.0,
      "n": 308,
      "ci_lower": 0.10714285714285714,
      "ci_upper": 0.19155844155844157
    },
    "oss": {
      "mean": 0.24068181818181816,
      "std": 0.3278241769121411,
      "min": 0.0,
      "max": 0.98,
      "median": 0.06,
      "n": 308,
      "ci_lower": 0.20285714285714287,
      "ci_upper": 0.27775974025974026
    },
    "ss": {
      "mean": 0.6975324675324677,
      "std": 0.20695162772635206,
      "min": 0.12,
      "max": 0.94,
      "median": 0.75,
      "n": 308,
      "ci_lower": 0.6752272727272727,
      "ci_upper": 0.719512987012987
    }
  },
  "by_attack_mode": {
    "1A": {
      "total_cases": 44,
      "asr": {
        "mean": 0.0,
        "std": 0.0,
        "min": 0.0,
        "max": 0.0,
        "median": 0.0,
        "n": 44,
        "ci_lower": 0.0,
        "ci_upper": 0.0
      },
      "oss": {
        "mean": 0.09499999999999999,
        "std": 0.12572516924553406,
        "min": 0.0,
        "max": 0.65,
        "median": 0.05,
        "n": 44,
        "ci_lower": 0.06318181818181817,
        "ci_upper": 0.13272727272727275
      },
      "ss": {
        "mean": 0.7409090909090907,
        "std": 0.13092013842273503,
        "min": 0.34,
        "max": 0.91,
        "median": 0.74,
        "n": 44,
        "ci_lower": 0.7002272727272728,
        "ci_upper": 0.7752272727272728
      }
    },
    "1A_fact": {
      "total_cases": 44,
      "asr": {
        "mean": 0.0,
        "std": 0.0,
        "min": 0.0,
        "max": 0.0,
        "median": 0.0,
        "n": 44,
        "ci_lower": 0.0,
        "ci_upper": 0.0
      },
      "oss": {
        "mean": 0.0775,
        "std": 0.12017269770096398,
        "min": 0.0,
        "max": 0.68,
        "median": 0.05,
        "n": 44,
        "ci_lower": 0.04863636363636363,
        "ci_upper": 0.115
      },
      "ss": {
        "mean": 0.7934090909090908,
        "std": 0.10400924744328752,
        "min": 0.46,
        "max": 0.91,
        "median": 0.79,
        "n": 44,
        "ci_lower": 0.759090909090909,
        "ci_upper": 0.8222727272727274
      }
    },
    "1B": {
      "total_cases": 44,
      "asr": {
        "mean": 0.045454545454545456,
        "std": 0.20829889522526546,
        "min": 0.0,
        "max": 1.0,
        "median": 0.0,
        "n": 44,
        "ci_lower": 0.0,
        "ci_upper": 0.11363636363636363
      },
      "oss": {
        "mean": 0.1265909090909091,
        "std": 0.21724455408822504,
        "min": 0.0,
        "max": 0.85,
        "median": 0.05,
        "n": 44,
        "ci_lower": 0.06681818181818183,
        "ci_upper": 0.19431818181818183
      },
      "ss": {
        "mean": 0.7545454545454546,
        "std": 0.1422937829322034,
        "min": 0.41,
        "max": 0.94,
        "median": 0.79,
        "n": 44,
        "ci_lower": 0.7097727272727273,
        "ci_upper": 0.7970454545454545
      }
    },
    "2A_institutional": {
      "total_cases": 44,
      "asr": {
        "mean": 0.25,
        "std": 0.4330127018922193,
        "min": 0.0,
        "max": 1.0,
        "median": 0.0,
        "n": 44,
        "ci_lower": 0.13636363636363635,
        "ci_upper": 0.38636363636363635
      },
      "oss": {
        "mean": 0.3940909090909091,
        "std": 0.37790281447758844,
        "min": 0.0,
        "max": 0.92,
        "median": 0.22,
        "n": 44,
        "ci_lower": 0.27886363636363637,
        "ci_upper": 0.5020454545454546
      },
      "ss": {
        "mean": 0.6313636363636363,
        "std": 0.23395406414984846,
        "min": 0.14,
        "max": 0.91,
        "median": 0.74,
        "n": 44,
        "ci_lower": 0.5597727272727272,
        "ci_upper": 0.6961363636363637
      }
    },
    "2B": {
      "total_cases": 44,
      "asr": {
        "mean": 0.29545454545454547,
        "std": 0.45624681590647115,
        "min": 0.0,
        "max": 1.0,
        "median": 0.0,
        "n": 44,
        "ci_lower": 0.18181818181818182,
        "ci_upper": 0.4318181818181818
      },
      "oss": {
        "mean": 0.38636363636363635,
        "std": 0.3683321802956162,
        "min": 0.0,
        "max": 0.96,
        "median": 0.16999999999999998,
        "n": 44,
        "ci_lower": 0.2845454545454546,
        "ci_upper": 0.4920454545454545
      },
      "ss": {
        "mean": 0.6836363636363635,
        "std": 0.21924551316121,
        "min": 0.12,
        "max": 0.91,
        "median": 0.74,
        "n": 44,
        "ci_lower": 0.6147727272727272,
        "ci_upper": 0.7422727272727272
      }
    },
    "3": {
      "total_cases": 44,
      "asr": {
        "mean": 0.45454545454545453,
        "std": 0.4979295977319691,
        "min": 0.0,
        "max": 1.0,
        "median": 0.0,
        "n": 44,
        "ci_lower": 0.29545454545454547,
        "ci_upper": 0.5909090909090909
      },
      "oss": {
        "mean": 0.5,
        "std": 0.4110573947980766,
        "min": 0.0,
        "max": 0.98,
        "median": 0.78,
        "n": 44,
        "ci_lower": 0.36977272727272725,
        "ci_upper": 0.6220454545454546
      },
      "ss": {
        "mean": 0.5077272727272728,
        "std": 0.27117474772119343,
        "min": 0.12,
        "max": 0.93,
        "median": 0.415,
        "n": 44,
        "ci_lower": 0.4279545454545456,
        "ci_upper": 0.5863636363636364
      }
    },
    "baseline": {
      "total_cases": 44,
      "asr": {
        "mean": 0.0,
        "std": 0.0,
        "min": 0.0,
        "max": 0.0,
        "median": 0.0,
        "n": 44,
        "ci_lower": 0.0,
        "ci_upper": 0.0
      },
      "oss": {
        "mean": 0.10522727272727272,
        "std": 0.19018518052824718,
        "min": 0.0,
        "max": 0.86,
        "median": 0.035,
        "n": 44,
        "ci_lower": 0.055,
        "ci_upper": 0.16954545454545455
      },
      "ss": {
        "mean": 0.7711363636363638,
        "std": 0.12214402655529452,
        "min": 0.34,
        "max": 0.92,
        "median": 0.78,
        "n": 44,
        "ci_lower": 0.7349999999999999,
        "ci_upper": 0.8065909090909091
      }
    }
  },
  "by_domain": {
    "finance": {
      "total_cases": 77,
      "asr": {
        "mean": 0.05194805194805195,
        "std": 0.22192217520305277,
        "min": 0.0,
        "max": 1.0,
        "median": 0.0,
        "n": 77,
        "ci_lower": 0.012987012987012988,
        "ci_upper": 0.1038961038961039
      },
      "oss": {
        "mean": 0.21194805194805194,
        "std": 0.26414792668413994,
        "min": 0.0,
        "max": 0.82,
        "median": 0.08,
        "n": 77,
        "ci_lower": 0.15597402597402596,
        "ci_upper": 0.2750649350649351
      },
      "ss": {
        "mean": 0.7335064935064933,
        "std": 0.1626067380416189,
        "min": 0.31,
        "max": 0.91,
        "median": 0.78,
        "n": 77,
        "ci_lower": 0.6971428571428572,
        "ci_upper": 0.7685714285714286
      }
    },
    "health": {
      "total_cases": 77,
      "asr": {
        "mean": 0.06493506493506493,
        "std": 0.24641124624688673,
        "min": 0.0,
        "max": 1.0,
        "median": 0.0,
        "n": 77,
        "ci_lower": 0.012987012987012988,
        "ci_upper": 0.12987012987012986
      },
      "oss": {
        "mean": 0.21818181818181814,
        "std": 0.29638395277347473,
        "min": 0.0,
        "max": 0.92,
        "median": 0.08,
        "n": 77,
        "ci_lower": 0.1579220779220779,
        "ci_upper": 0.28363636363636363
      },
      "ss": {
        "mean": 0.7405194805194807,
        "std": 0.16809780782964642,
        "min": 0.27,
        "max": 0.94,
        "median": 0.78,
        "n": 77,
        "ci_lower": 0.6988311688311689,
        "ci_upper": 0.7776623376623376
      }
    },