{
  "experiment": "all",
  "timestamp": "2026-05-20T09:22:01.719150+00:00",
  "overall": {
    "total_cases": 308,
    "asr": {
      "mean": 0.21103896103896103,
      "std": 0.4080459753049365,
      "min": 0.0,
      "max": 1.0,
      "median": 0.0,
      "n": 308,
      "ci_lower": 0.16883116883116883,
      "ci_upper": 0.2597402597402597
    },
    "oss": {
      "mean": 0.27383116883116887,
      "std": 0.31868886844798927,
      "min": 0.0,
      "max": 0.97,
      "median": 0.1,
      "n": 308,
      "ci_lower": 0.23896103896103893,
      "ci_upper": 0.3118506493506493
    },
    "ss": {
      "mean": 0.7378571428571429,
      "std": 0.200704810979404,
      "min": 0.14,
      "max": 0.96,
      "median": 0.84,
      "n": 308,
      "ci_lower": 0.7153896103896104,
      "ci_upper": 0.758474025974026
    }
  },
  "by_attack_mode": {
    "1A": {
      "total_cases": 44,
      "asr": {
        "mean": 0.0,
        "std": 0.0,
        "min": 0.0,
        "max": 0.0,
        "median": 0.0,
        "n": 44,
        "ci_lower": 0.0,
        "ci_upper": 0.0
      },
      "oss": {
        "mean": 0.07409090909090908,
        "std": 0.12863475745865222,
        "min": 0.0,
        "max": 0.82,
        "median": 0.02,
        "n": 44,
        "ci_lower": 0.04363636363636364,
        "ci_upper": 0.11318181818181815
      },
      "ss": {
        "mean": 0.8620454545454543,
        "std": 0.052291992497311125,
        "min": 0.64,
        "max": 0.93,
        "median": 0.87,
        "n": 44,
        "ci_lower": 0.8450000000000002,
        "ci_upper": 0.876590909090909
      }
    },
    "1A_fact": {
      "total_cases": 44,
      "asr": {
        "mean": 0.0,
        "std": 0.0,
        "min": 0.0,
        "max": 0.0,
        "median": 0.0,
        "n": 44,
        "ci_lower": 0.0,
        "ci_upper": 0.0
      },
      "oss": {
        "mean": 0.10795454545454546,
        "std": 0.13532082325574127,
        "min": 0.0,
        "max": 0.58,
        "median": 0.08,
        "n": 44,
        "ci_lower": 0.07181818181818182,
        "ci_upper": 0.1502272727272727
      },
      "ss": {
        "mean": 0.8438636363636366,
        "std": 0.06732606914692749,
        "min": 0.67,
        "max": 0.94,
        "median": 0.865,
        "n": 44,
        "ci_lower": 0.8236363636363635,
        "ci_upper": 0.8629545454545453
      }
    },
    "1B": {
      "total_cases": 44,
      "asr": {
        "mean": 0.0,
        "std": 0.0,
        "min": 0.0,
        "max": 0.0,
        "median": 0.0,
        "n": 44,
        "ci_lower": 0.0,
        "ci_upper": 0.0
      },
      "oss": {
        "mean": 0.11295454545454543,
        "std": 0.16278233578301798,
        "min": 0.0,
        "max": 0.78,
        "median": 0.065,
        "n": 44,
        "ci_lower": 0.07022727272727274,
        "ci_upper": 0.16227272727272726
      },
      "ss": {
        "mean": 0.8397727272727273,
        "std": 0.09621209138629937,
        "min": 0.34,
        "max": 0.96,
        "median": 0.87,
        "n": 44,
        "ci_lower": 0.8075,
        "ci_upper": 0.8647727272727272
      }
    },
    "2A_institutional": {
      "total_cases": 44,
      "asr": {
        "mean": 0.25,
        "std": 0.4330127018922193,
        "min": 0.0,
        "max": 1.0,
        "median": 0.0,
        "n": 44,
        "ci_lower": 0.13636363636363635,
        "ci_upper": 0.38636363636363635
      },
      "oss": {
        "mean": 0.31,
        "std": 0.2988234504610616,
        "min": 0.02,
        "max": 0.95,
        "median": 0.12,
        "n": 44,
        "ci_lower": 0.22295454545454543,
        "ci_upper": 0.39886363636363636
      },
      "ss": {
        "mean": 0.714090909090909,
        "std": 0.16139052272809046,
        "min": 0.34,
        "max": 0.91,
        "median": 0.78,
        "n": 44,
        "ci_lower": 0.6654545454545455,
        "ci_upper": 0.7572727272727274
      }
    },
    "2B": {
      "total_cases": 44,
      "asr": {
        "mean": 0.5454545454545454,
        "std": 0.4979295977319692,
        "min": 0.0,
        "max": 1.0,
        "median": 1.0,
        "n": 44,
        "ci_lower": 0.38636363636363635,
        "ci_upper": 0.7045454545454546
      },
      "oss": {
        "mean": 0.5268181818181819,
        "std": 0.32993644516973214,
        "min": 0.02,
        "max": 0.97,
        "median": 0.69,
        "n": 44,
        "ci_lower": 0.42295454545454536,
        "ci_upper": 0.6320454545454545
      },
      "ss": {
        "mean": 0.6154545454545454,
        "std": 0.21193325005609392,
        "min": 0.18,
        "max": 0.9,
        "median": 0.635,
        "n": 44,
        "ci_lower": 0.5490909090909091,
        "ci_upper": 0.6772727272727272
      }
    },
    "3": {
      "total_cases": 44,
      "asr": {
        "mean": 0.6818181818181818,
        "std": 0.4657704893617999,
        "min": 0.0,
        "max": 1.0,
        "median": 1.0,
        "n": 44,
        "ci_lower": 0.5454545454545454,
        "ci_upper": 0.8181818181818182
      },
      "oss": {
        "mean": 0.6788636363636364,
        "std": 0.2671670902866433,
        "min": 0.02,
        "max": 0.95,
        "median": 0.78,
        "n": 44,
        "ci_lower": 0.5952272727272727,
        "ci_upper": 0.7531818181818182
      },
      "ss": {
        "mean": 0.4484090909090909,
        "std": 0.20716641512011308,
        "min": 0.14,
        "max": 0.86,
        "median": 0.41,
        "n": 44,
        "ci_lower": 0.3915909090909091,
        "ci_upper": 0.5072727272727273
      }
    },
    "baseline": {
      "total_cases": 44,
      "asr": {
        "mean": 0.0,
        "std": 0.0,
        "min": 0.0,
        "max": 0.0,
        "median": 0.0,
        "n": 44,
        "ci_lower": 0.0,
        "ci_upper": 0.0
      },
      "oss": {
        "mean": 0.10613636363636361,
        "std": 0.17109561267807527,
        "min": 0.0,
        "max": 0.78,
        "median": 0.05,
        "n": 44,
        "ci_lower": 0.05977272727272726,
        "ci_upper": 0.15840909090909092
      },
      "ss": {
        "mean": 0.8413636363636366,
        "std": 0.06696644034314057,
        "min": 0.64,
        "max": 0.93,
        "median": 0.86,
        "n": 44,
        "ci_lower": 0.8202272727272727,
        "ci_upper": 0.8599999999999999
      }
    }
  },
  "by_domain": {
    "finance": {
      "total_cases": 77,
      "asr": {
        "mean": 0.16883116883116883,
        "std": 0.3746027299183365,
        "min": 0.0,
        "max": 1.0,
        "median": 0.0,
        "n": 77,
        "ci_lower": 0.09090909090909091,
        "ci_upper": 0.2597402597402597
      },
      "oss": {
        "mean": 0.2851948051948052,
        "std": 0.3001541179435467,
        "min": 0.0,
        "max": 0.9,
        "median": 0.12,
        "n": 77,
        "ci_lower": 0.21688311688311682,
        "ci_upper": 0.35610389610389614
      },
      "ss": {
        "mean": 0.7542857142857142,
        "std": 0.17563560692324034,
        "min": 0.19,
        "max": 0.93,
        "median": 0.84,
        "n": 77,
        "ci_lower": 0.7120779220779221,
        "ci_upper": 0.795064935064935
      }
    },
    "health": {
      "total_cases": 77,
      "asr": {
        "mean": 0.14285714285714285,
        "std": 0.34992710611188266,
        "min": 0.0,
        "max": 1.0,
        "median": 0.0,
        "n": 77,
        "ci_lower": 0.06493506493506493,
        "ci_upper": 0.22077922077922077
      },
      "oss": {
        "mean": 0.30077922077922087,
        "std": 0.30380173915085,
        "min": 0.0,
        "max": 0.95,
        "median": 0.12,
        "n": 77,
        "ci_lower": 0.23649350649350645,
        "ci_upper": 0.36753246753246754
      },
      "ss": {
        "mean": 0.7777922077922078,
        "std": 0.16149965523362644,
        "min": 0.23,
        "max": 0.96,
        "median": 0.86,
        "n": 77,
        "ci_lower": 0.7402597402597403,
        "ci_upper": 0.8135064935064933
      }
    },
    "legal": {
      "total_cases": 77,