{
  "experiment": "all",
  "timestamp": "2026-05-20T06:56:48.873904+00:00",
  "overall": {
    "total_cases": 308,
    "asr": {
      "mean": 0.0,
      "std": 0.0,
      "min": 0.0,
      "max": 0.0,
      "median": 0.0,
      "n": 308,
      "ci_lower": 0.0,
      "ci_upper": 0.0
    },
    "oss": {
      "mean": 0.09068181818181818,
      "std": 0.16654585595851357,
      "min": 0.0,
      "max": 0.92,
      "median": 0.04,
      "n": 308,
      "ci_lower": 0.07298701298701299,
      "ci_upper": 0.11016233766233766
    },
    "ss": {
      "mean": 0.7824675324675324,
      "std": 0.12411144807495372,
      "min": 0.31,
      "max": 0.94,
      "median": 0.8,
      "n": 308,
      "ci_lower": 0.7680844155844155,
      "ci_upper": 0.7948051948051947
    }
  },
  "by_attack_mode": {
    "1A": {
      "total_cases": 44,
      "asr": {
        "mean": 0.0,
        "std": 0.0,
        "min": 0.0,
        "max": 0.0,
        "median": 0.0,
        "n": 44,
        "ci_lower": 0.0,
        "ci_upper": 0.0
      },
      "oss": {
        "mean": 0.056136363636363644,
        "std": 0.11119630285488381,
        "min": 0.0,
        "max": 0.7,
        "median": 0.02,
        "n": 44,
        "ci_lower": 0.029545454545454545,
        "ci_upper": 0.09454545454545454
      },
      "ss": {
        "mean": 0.7897727272727273,
        "std": 0.10974119629969986,
        "min": 0.41,
        "max": 0.94,
        "median": 0.815,
        "n": 44,
        "ci_lower": 0.756818181818182,
        "ci_upper": 0.8229545454545455
      }
    },
    "1A_fact": {
      "total_cases": 44,
      "asr": {
        "mean": 0.0,
        "std": 0.0,
        "min": 0.0,
        "max": 0.0,
        "median": 0.0,
        "n": 44,
        "ci_lower": 0.0,
        "ci_upper": 0.0
      },
      "oss": {
        "mean": 0.10068181818181819,
        "std": 0.18633300746089376,
        "min": 0.0,
        "max": 0.78,
        "median": 0.045,
        "n": 44,
        "ci_lower": 0.051136363636363626,
        "ci_upper": 0.1534090909090909
      },
      "ss": {
        "mean": 0.7615909090909092,
        "std": 0.16846827570007167,
        "min": 0.31,
        "max": 0.93,
        "median": 0.84,
        "n": 44,
        "ci_lower": 0.7118181818181819,
        "ci_upper": 0.8104545454545455
      }
    },
    "1B": {
      "total_cases": 44,
      "asr": {
        "mean": 0.0,
        "std": 0.0,
        "min": 0.0,
        "max": 0.0,
        "median": 0.0,
        "n": 44,
        "ci_lower": 0.0,
        "ci_upper": 0.0
      },
      "oss": {
        "mean": 0.07886363636363637,
        "std": 0.1534929063965159,
        "min": 0.0,
        "max": 0.78,
        "median": 0.02,
        "n": 44,
        "ci_lower": 0.042045454545454546,
        "ci_upper": 0.12749999999999997
      },
      "ss": {
        "mean": 0.7761363636363637,
        "std": 0.1016056527841141,
        "min": 0.41,
        "max": 0.93,
        "median": 0.77,
        "n": 44,
        "ci_lower": 0.7474999999999998,
        "ci_upper": 0.804318181818182
      }
    },
    "2A_institutional": {
      "total_cases": 44,
      "asr": {
        "mean": 0.0,
        "std": 0.0,
        "min": 0.0,
        "max": 0.0,
        "median": 0.0,
        "n": 44,
        "ci_lower": 0.0,
        "ci_upper": 0.0
      },
      "oss": {
        "mean": 0.12795454545454546,
        "std": 0.21917800513255042,
        "min": 0.0,
        "max": 0.9,
        "median": 0.05,
        "n": 44,
        "ci_lower": 0.06909090909090909,
        "ci_upper": 0.1965909090909091
      },
      "ss": {
        "mean": 0.7911363636363636,
        "std": 0.14110305565100137,
        "min": 0.32,
        "max": 0.91,
        "median": 0.85,
        "n": 44,
        "ci_lower": 0.7486363636363635,
        "ci_upper": 0.8297727272727272
      }
    },
    "2B": {
      "total_cases": 44,
      "asr": {
        "mean": 0.0,
        "std": 0.0,
        "min": 0.0,
        "max": 0.0,
        "median": 0.0,
        "n": 44,
        "ci_lower": 0.0,
        "ci_upper": 0.0
      },
      "oss": {
        "mean": 0.09113636363636363,
        "std": 0.18449212731529308,
        "min": 0.0,
        "max": 0.92,
        "median": 0.03,
        "n": 44,
        "ci_lower": 0.045681818181818185,
        "ci_upper": 0.14818181818181816
      },
      "ss": {
        "mean": 0.8047727272727273,
        "std": 0.08838162695646123,
        "min": 0.61,
        "max": 0.91,
        "median": 0.84,
        "n": 44,
        "ci_lower": 0.7777272727272727,
        "ci_upper": 0.828863636363636
      }
    },
    "3": {
      "total_cases": 44,
      "asr": {
        "mean": 0.0,
        "std": 0.0,
        "min": 0.0,
        "max": 0.0,
        "median": 0.0,
        "n": 44,
        "ci_lower": 0.0,
        "ci_upper": 0.0
      },
      "oss": {
        "mean": 0.060227272727272727,
        "std": 0.09161402821232813,
        "min": 0.0,
        "max": 0.58,
        "median": 0.045,
        "n": 44,
        "ci_lower": 0.038409090909090914,
        "ci_upper": 0.09250000000000001
      },
      "ss": {
        "mean": 0.7731818181818183,
        "std": 0.11606762776448924,
        "min": 0.34,
        "max": 0.91,
        "median": 0.78,
        "n": 44,
        "ci_lower": 0.7384090909090908,
        "ci_upper": 0.8063636363636365
      }
    },
    "baseline": {
      "total_cases": 44,
      "asr": {
        "mean": 0.0,
        "std": 0.0,
        "min": 0.0,
        "max": 0.0,
        "median": 0.0,
        "n": 44,
        "ci_lower": 0.0,
        "ci_upper": 0.0
      },
      "oss": {
        "mean": 0.11977272727272727,
        "std": 0.1686778618384172,
        "min": 0.0,
        "max": 0.78,
        "median": 0.05,
        "n": 44,
        "ci_lower": 0.0734090909090909,
        "ci_upper": 0.1709090909090909
      },
      "ss": {
        "mean": 0.780681818181818,
        "std": 0.12121351798437648,
        "min": 0.34,
        "max": 0.91,
        "median": 0.84,
        "n": 44,
        "ci_lower": 0.7413636363636363,
        "ci_upper": 0.8143181818181818
      }
    }
  },
  "by_domain": {
    "finance": {
      "total_cases": 77,
      "asr": {
        "mean": 0.0,
        "std": 0.0,
        "min": 0.0,
        "max": 0.0,
        "median": 0.0,
        "n": 77,
        "ci_lower": 0.0,
        "ci_upper": 0.0
      },
      "oss": {
        "mean": 0.10701298701298702,
        "std": 0.1682226796873942,
        "min": 0.0,
        "max": 0.78,
        "median": 0.05,
        "n": 77,
        "ci_lower": 0.07220779220779219,
        "ci_upper": 0.1476623376623377
      },
      "ss": {
        "mean": 0.7668831168831169,
        "std": 0.13926765541514116,
        "min": 0.32,
        "max": 0.93,
        "median": 0.79,
        "n": 77,
        "ci_lower": 0.7358441558441559,
        "ci_upper": 0.7961038961038962
      }
    },
    "health": {
      "total_cases": 77,
      "asr": {
        "mean": 0.0,
        "std": 0.0,
        "min": 0.0,
        "max": 0.0,
        "median": 0.0,
        "n": 77,
        "ci_lower": 0.0,
        "ci_upper": 0.0
      },
      "oss": {
        "mean": 0.14402597402597406,
        "std": 0.22830407918410747,
        "min": 0.0,
        "max": 0.92,
        "median": 0.05,
        "n": 77,
        "ci_lower": 0.0951948051948052,
        "ci_upper": 0.20025974025974028
      },
      "ss": {
        "mean": 0.7907792207792208,
        "std": 0.10262485248439954,
        "min": 0.31,
        "max": 0.94,
        "median": 0.79,
        "n": 77,
        "ci_lower": 0.7671428571428572,
        "ci_upper": 0.8138961038961039
      }
    },
    "legal": {
      "total_cases": 77,
      "asr": {
        "mean": 0.0,
        "std": 0.0,
        "min": 0.0,
        "max": 0.0,
        "median": 0.0,
        "n": 77,
        "ci_lower": 0.0,
        "ci_upper": 0.0
      },
      "oss": {
        "mean": 0.04727272727272727,
        "std": 0.09608757320138132,
        "min": 0.0,
        "max": 0.78,