{
  "experiment": "all",
  "timestamp": "2026-05-21T04:08:09.317544+00:00",
  "overall": {
    "total_cases": 308,
    "asr": {
      "mean": 0.05194805194805195,
      "std": 0.22192217520305277,
      "min": 0.0,
      "max": 1.0,
      "median": 0.0,
      "n": 308,
      "ci_lower": 0.02922077922077922,
      "ci_upper": 0.07792207792207792
    },
    "oss": {
      "mean": 0.16821428571428573,
      "std": 0.2579962615325066,
      "min": 0.0,
      "max": 0.95,
      "median": 0.05,
      "n": 308,
      "ci_lower": 0.1409090909090909,
      "ci_upper": 0.1986363636363636
    },
    "ss": {
      "mean": 0.7533766233766235,
      "std": 0.1737766919765499,
      "min": 0.18,
      "max": 0.94,
      "median": 0.84,
      "n": 308,
      "ci_lower": 0.733474025974026,
      "ci_upper": 0.7721428571428572
    }
  },
  "by_attack_mode": {
    "1A": {
      "total_cases": 44,
      "asr": {
        "mean": 0.0,
        "std": 0.0,
        "min": 0.0,
        "max": 0.0,
        "median": 0.0,
        "n": 44,
        "ci_lower": 0.0,
        "ci_upper": 0.0
      },
      "oss": {
        "mean": 0.07181818181818181,
        "std": 0.13651960777040464,
        "min": 0.0,
        "max": 0.72,
        "median": 0.025,
        "n": 44,
        "ci_lower": 0.03772727272727273,
        "ci_upper": 0.11204545454545455
      },
      "ss": {
        "mean": 0.7863636363636364,
        "std": 0.1499559163871307,
        "min": 0.31,
        "max": 0.91,
        "median": 0.86,
        "n": 44,
        "ci_lower": 0.7429545454545454,
        "ci_upper": 0.8293181818181817
      }
    },
    "1A_fact": {
      "total_cases": 44,
      "asr": {
        "mean": 0.0,
        "std": 0.0,
        "min": 0.0,
        "max": 0.0,
        "median": 0.0,
        "n": 44,
        "ci_lower": 0.0,
        "ci_upper": 0.0
      },
      "oss": {
        "mean": 0.10681818181818183,
        "std": 0.193775558164978,
        "min": 0.0,
        "max": 0.95,
        "median": 0.035,
        "n": 44,
        "ci_lower": 0.05772727272727273,
        "ci_upper": 0.16999999999999998
      },
      "ss": {
        "mean": 0.8011363636363636,
        "std": 0.11160433172374687,
        "min": 0.34,
        "max": 0.94,
        "median": 0.84,
        "n": 44,
        "ci_lower": 0.7679545454545456,
        "ci_upper": 0.8313636363636363
      }
    },
    "1B": {
      "total_cases": 44,
      "asr": {
        "mean": 0.0,
        "std": 0.0,
        "min": 0.0,
        "max": 0.0,
        "median": 0.0,
        "n": 44,
        "ci_lower": 0.0,
        "ci_upper": 0.0
      },
      "oss": {
        "mean": 0.08886363636363638,
        "std": 0.1036650179685183,
        "min": 0.0,
        "max": 0.58,
        "median": 0.05,
        "n": 44,
        "ci_lower": 0.06204545454545454,
        "ci_upper": 0.12113636363636361
      },
      "ss": {
        "mean": 0.8075,
        "std": 0.11323999052695766,
        "min": 0.41,
        "max": 0.93,
        "median": 0.86,
        "n": 44,
        "ci_lower": 0.7727272727272727,
        "ci_upper": 0.8377272727272725
      }
    },
    "2A_institutional": {
      "total_cases": 44,
      "asr": {
        "mean": 0.045454545454545456,
        "std": 0.20829889522526548,
        "min": 0.0,
        "max": 1.0,
        "median": 0.0,
        "n": 44,
        "ci_lower": 0.0,
        "ci_upper": 0.11363636363636363
      },
      "oss": {
        "mean": 0.2929545454545454,
        "std": 0.30688745009334184,
        "min": 0.0,
        "max": 0.9,
        "median": 0.13,
        "n": 44,
        "ci_lower": 0.2052272727272727,
        "ci_upper": 0.38181818181818183
      },
      "ss": {
        "mean": 0.7011363636363637,
        "std": 0.1811480548297305,
        "min": 0.31,
        "max": 0.91,
        "median": 0.725,
        "n": 44,
        "ci_lower": 0.6484090909090908,
        "ci_upper": 0.7531818181818182
      }
    },
    "2B": {
      "total_cases": 44,
      "asr": {
        "mean": 0.06818181818181818,
        "std": 0.2520576478729413,
        "min": 0.0,
        "max": 1.0,
        "median": 0.0,
        "n": 44,
        "ci_lower": 0.0,
        "ci_upper": 0.1590909090909091
      },
      "oss": {
        "mean": 0.12045454545454545,
        "std": 0.1974261029238598,
        "min": 0.0,
        "max": 0.82,
        "median": 0.05,
        "n": 44,
        "ci_lower": 0.06909090909090909,
        "ci_upper": 0.1859090909090909
      },
      "ss": {
        "mean": 0.7695454545454545,
        "std": 0.1567562460036506,
        "min": 0.28,
        "max": 0.91,
        "median": 0.84,
        "n": 44,
        "ci_lower": 0.7206818181818181,
        "ci_upper": 0.8127272727272726
      }
    },
    "3": {
      "total_cases": 44,
      "asr": {
        "mean": 0.25,
        "std": 0.4330127018922193,
        "min": 0.0,
        "max": 1.0,
        "median": 0.0,
        "n": 44,
        "ci_lower": 0.13636363636363635,
        "ci_upper": 0.36363636363636365
      },
      "oss": {
        "mean": 0.3838636363636363,
        "std": 0.3749558513956914,
        "min": 0.0,
        "max": 0.95,
        "median": 0.16499999999999998,
        "n": 44,
        "ci_lower": 0.27499999999999997,
        "ci_upper": 0.504090909090909
      },
      "ss": {
        "mean": 0.6197727272727273,
        "std": 0.2508484569358708,
        "min": 0.18,
        "max": 0.93,
        "median": 0.685,
        "n": 44,
        "ci_lower": 0.5409090909090909,
        "ci_upper": 0.693409090909091
      }
    },
    "baseline": {
      "total_cases": 44,
      "asr": {
        "mean": 0.0,
        "std": 0.0,
        "min": 0.0,
        "max": 0.0,
        "median": 0.0,
        "n": 44,
        "ci_lower": 0.0,
        "ci_upper": 0.0
      },
      "oss": {
        "mean": 0.11272727272727273,
        "std": 0.19613728536600022,
        "min": 0.0,
        "max": 0.82,
        "median": 0.03,
        "n": 44,
        "ci_lower": 0.05795454545454546,
        "ci_upper": 0.17431818181818182
      },
      "ss": {
        "mean": 0.7881818181818183,
        "std": 0.12231243018807368,
        "min": 0.34,
        "max": 0.91,
        "median": 0.84,
        "n": 44,
        "ci_lower": 0.7504545454545454,
        "ci_upper": 0.8220454545454546
      }
    }
  },
  "by_domain": {
    "finance": {
      "total_cases": 77,
      "asr": {
        "mean": 0.012987012987012988,
        "std": 0.11321815437767983,
        "min": 0.0,
        "max": 1.0,
        "median": 0.0,
        "n": 77,
        "ci_lower": 0.0,
        "ci_upper": 0.03896103896103896
      },
      "oss": {
        "mean": 0.13818181818181818,
        "std": 0.21031039072913696,
        "min": 0.0,
        "max": 0.88,
        "median": 0.05,
        "n": 77,
        "ci_lower": 0.09402597402597403,
        "ci_upper": 0.18896103896103894
      },
      "ss": {
        "mean": 0.7412987012987013,
        "std": 0.1434849252170664,
        "min": 0.31,
        "max": 0.91,
        "median": 0.77,
        "n": 77,
        "ci_lower": 0.7084415584415585,
        "ci_upper": 0.7716883116883116
      }
    },
    "health": {
      "total_cases": 77,
      "asr": {
        "mean": 0.0,
        "std": 0.0,
        "min": 0.0,
        "max": 0.0,
        "median": 0.0,
        "n": 77,
        "ci_lower": 0.0,
        "ci_upper": 0.0
      },
      "oss": {
        "mean": 0.184025974025974,
        "std": 0.25380870053685534,
        "min": 0.0,
        "max": 0.95,
        "median": 0.06,
        "n": 77,
        "ci_lower": 0.13207792207792204,
        "ci_upper": 0.2403896103896104
      },
      "ss": {
        "mean": 0.8140259740259741,
        "std": 0.11374681089018557,
        "min": 0.41,
        "max": 0.94,
        "median": 0.86,
        "n": 77,
        "ci_lower": 0.7881818181818181,
        "ci_upper": 0.8390909090909089
      }
    },
    "legal": {
      "total_cases": 77,
      "asr": {
        "mean": 0.09090909090909091,
        "std": 0.2874797872880344,