{
  "experiment": "all",
  "timestamp": "2026-05-21T08:01:16.996308+00:00",
  "overall": {
    "total_cases": 308,
    "asr": {
      "mean": 0.22402597402597402,
      "std": 0.41693924855749387,
      "min": 0.0,
      "max": 1.0,
      "median": 0.0,
      "n": 308,
      "ci_lower": 0.18181818181818182,
      "ci_upper": 0.2727272727272727
    },
    "oss": {
      "mean": 0.28993506493506493,
      "std": 0.3403302383099578,
      "min": 0.0,
      "max": 0.98,
      "median": 0.08,
      "n": 308,
      "ci_lower": 0.25360389610389616,
      "ci_upper": 0.3299675324675325
    },
    "ss": {
      "mean": 0.7066883116883118,
      "std": 0.22887799504677186,
      "min": 0.12,
      "max": 0.94,
      "median": 0.8,
      "n": 308,
      "ci_lower": 0.6823051948051948,
      "ci_upper": 0.7320779220779221
    }
  },
  "by_attack_mode": {
    "1A": {
      "total_cases": 44,
      "asr": {
        "mean": 0.022727272727272728,
        "std": 0.14903269373413638,
        "min": 0.0,
        "max": 1.0,
        "median": 0.0,
        "n": 44,
        "ci_lower": 0.0,
        "ci_upper": 0.06818181818181818
      },
      "oss": {
        "mean": 0.09272727272727273,
        "std": 0.15987727731498586,
        "min": 0.0,
        "max": 0.88,
        "median": 0.05,
        "n": 44,
        "ci_lower": 0.05090909090909091,
        "ci_upper": 0.1468181818181818
      },
      "ss": {
        "mean": 0.8195454545454545,
        "std": 0.13864530522580643,
        "min": 0.28,
        "max": 0.93,
        "median": 0.87,
        "n": 44,
        "ci_lower": 0.7777272727272727,
        "ci_upper": 0.8563636363636365
      }
    },
    "1A_fact": {
      "total_cases": 44,
      "asr": {
        "mean": 0.045454545454545456,
        "std": 0.20829889522526548,
        "min": 0.0,
        "max": 1.0,
        "median": 0.0,
        "n": 44,
        "ci_lower": 0.0,
        "ci_upper": 0.11363636363636363
      },
      "oss": {
        "mean": 0.14818181818181822,
        "std": 0.2664264586170819,
        "min": 0.0,
        "max": 0.98,
        "median": 0.05,
        "n": 44,
        "ci_lower": 0.07136363636363635,
        "ci_upper": 0.23977272727272728
      },
      "ss": {
        "mean": 0.7945454545454546,
        "std": 0.14104245887891906,
        "min": 0.27,
        "max": 0.91,
        "median": 0.85,
        "n": 44,
        "ci_lower": 0.7495454545454545,
        "ci_upper": 0.8302272727272729
      }
    },
    "1B": {
      "total_cases": 44,
      "asr": {
        "mean": 0.022727272727272728,
        "std": 0.14903269373413638,
        "min": 0.0,
        "max": 1.0,
        "median": 0.0,
        "n": 44,
        "ci_lower": 0.0,
        "ci_upper": 0.06818181818181818
      },
      "oss": {
        "mean": 0.1215909090909091,
        "std": 0.21208856621080585,
        "min": 0.0,
        "max": 0.85,
        "median": 0.05,
        "n": 44,
        "ci_lower": 0.06409090909090909,
        "ci_upper": 0.19204545454545452
      },
      "ss": {
        "mean": 0.8238636363636364,
        "std": 0.1036650179685183,
        "min": 0.34,
        "max": 0.93,
        "median": 0.86,
        "n": 44,
        "ci_lower": 0.7902272727272728,
        "ci_upper": 0.8513636363636365
      }
    },
    "2A_institutional": {
      "total_cases": 44,
      "asr": {
        "mean": 0.25,
        "std": 0.4330127018922193,
        "min": 0.0,
        "max": 1.0,
        "median": 0.0,
        "n": 44,
        "ci_lower": 0.13636363636363635,
        "ci_upper": 0.38636363636363635
      },
      "oss": {
        "mean": 0.3588636363636364,
        "std": 0.3577976568161682,
        "min": 0.0,
        "max": 0.93,
        "median": 0.18,
        "n": 44,
        "ci_lower": 0.25636363636363635,
        "ci_upper": 0.46181818181818174
      },
      "ss": {
        "mean": 0.6377272727272727,
        "std": 0.2406795647589591,
        "min": 0.21,
        "max": 0.91,
        "median": 0.725,
        "n": 44,
        "ci_lower": 0.5688636363636363,
        "ci_upper": 0.7059090909090909
      }
    },
    "2B": {
      "total_cases": 44,
      "asr": {
        "mean": 0.45454545454545453,
        "std": 0.49792959773196915,
        "min": 0.0,
        "max": 1.0,
        "median": 0.0,
        "n": 44,
        "ci_lower": 0.3181818181818182,
        "ci_upper": 0.5909090909090909
      },
      "oss": {
        "mean": 0.5004545454545455,
        "std": 0.3282526365292894,
        "min": 0.0,
        "max": 0.92,
        "median": 0.61,
        "n": 44,
        "ci_lower": 0.40431818181818185,
        "ci_upper": 0.5918181818181818
      },
      "ss": {
        "mean": 0.6618181818181819,
        "std": 0.2167976929522579,
        "min": 0.18,
        "max": 0.92,
        "median": 0.75,
        "n": 44,
        "ci_lower": 0.6020454545454546,
        "ci_upper": 0.7252272727272727
      }
    },
    "3": {
      "total_cases": 44,
      "asr": {
        "mean": 0.75,
        "std": 0.4330127018922193,
        "min": 0.0,
        "max": 1.0,
        "median": 1.0,
        "n": 44,
        "ci_lower": 0.6136363636363636,
        "ci_upper": 0.8636363636363636
      },
      "oss": {
        "mean": 0.6388636363636363,
        "std": 0.30286672668391856,
        "min": 0.0,
        "max": 0.98,
        "median": 0.78,
        "n": 44,
        "ci_lower": 0.5479545454545454,
        "ci_upper": 0.7243181818181819
      },
      "ss": {
        "mean": 0.4056818181818182,
        "std": 0.23105880525875508,
        "min": 0.12,
        "max": 0.93,
        "median": 0.34,
        "n": 44,
        "ci_lower": 0.34068181818181825,
        "ci_upper": 0.4768181818181818
      }
    },
    "baseline": {
      "total_cases": 44,
      "asr": {
        "mean": 0.022727272727272728,
        "std": 0.14903269373413638,
        "min": 0.0,
        "max": 1.0,
        "median": 0.0,
        "n": 44,
        "ci_lower": 0.0,
        "ci_upper": 0.06818181818181818
      },
      "oss": {
        "mean": 0.16886363636363633,
        "std": 0.26257653351054283,
        "min": 0.0,
        "max": 0.98,
        "median": 0.08,
        "n": 44,
        "ci_lower": 0.09727272727272727,
        "ci_upper": 0.2547727272727273
      },
      "ss": {
        "mean": 0.8036363636363638,
        "std": 0.13251227917529532,
        "min": 0.38,
        "max": 0.94,
        "median": 0.86,
        "n": 44,
        "ci_lower": 0.7625,
        "ci_upper": 0.8404545454545453
      }
    }
  },
  "by_domain": {
    "finance": {
      "total_cases": 77,
      "asr": {
        "mean": 0.12987012987012986,
        "std": 0.33616049624791644,
        "min": 0.0,
        "max": 1.0,
        "median": 0.0,
        "n": 77,
        "ci_lower": 0.06493506493506493,
        "ci_upper": 0.22077922077922077
      },
      "oss": {
        "mean": 0.2319480519480519,
        "std": 0.2838100652647043,
        "min": 0.0,
        "max": 0.88,
        "median": 0.08,
        "n": 77,
        "ci_lower": 0.16948051948051945,
        "ci_upper": 0.2992207792207792
      },
      "ss": {
        "mean": 0.7235064935064937,
        "std": 0.21454128796935257,
        "min": 0.16,
        "max": 0.92,
        "median": 0.84,
        "n": 77,
        "ci_lower": 0.6766233766233767,
        "ci_upper": 0.7723376623376623
      }
    },
    "health": {
      "total_cases": 77,
      "asr": {
        "mean": 0.14285714285714285,
        "std": 0.34992710611188266,
        "min": 0.0,
        "max": 1.0,
        "median": 0.0,
        "n": 77,
        "ci_lower": 0.06493506493506493,
        "ci_upper": 0.23376623376623376
      },
      "oss": {
        "mean": 0.33649350649350646,
        "std": 0.3491130365590731,
        "min": 0.0,
        "max": 0.98,
        "median": 0.18,
        "n": 77,
        "ci_lower": 0.2522077922077922,
        "ci_upper": 0.4174025974025974
      },
      "ss": {
        "mean": 0.7432467532467533,
        "std": 0.2057892097586629,
        "min": 0.18,