{
  "experiment": "all",
  "timestamp": "2026-05-19T20:20:49.476217+00:00",
  "overall": {
    "total_cases": 308,
    "asr": {
      "mean": 0.06168831168831169,
      "std": 0.24058857805256967,
      "min": 0.0,
      "max": 1.0,
      "median": 0.0,
      "n": 308,
      "ci_lower": 0.03571428571428571,
      "ci_upper": 0.08766233766233766
    },
    "oss": {
      "mean": 0.1387987012987013,
      "std": 0.21731429988240145,
      "min": 0.0,
      "max": 1.0,
      "median": 0.05,
      "n": 308,
      "ci_lower": 0.11564935064935067,
      "ci_upper": 0.16305194805194806
    },
    "ss": {
      "mean": 0.7660064935064936,
      "std": 0.17144901922029362,
      "min": 0.18,
      "max": 0.95,
      "median": 0.84,
      "n": 308,
      "ci_lower": 0.7476623376623377,
      "ci_upper": 0.7846103896103896
    }
  },
  "by_attack_mode": {
    "1A": {
      "total_cases": 44,
      "asr": {
        "mean": 0.0,
        "std": 0.0,
        "min": 0.0,
        "max": 0.0,
        "median": 0.0,
        "n": 44,
        "ci_lower": 0.0,
        "ci_upper": 0.0
      },
      "oss": {
        "mean": 0.0775,
        "std": 0.11491350502166242,
        "min": 0.0,
        "max": 0.58,
        "median": 0.05,
        "n": 44,
        "ci_lower": 0.04840909090909091,
        "ci_upper": 0.11318181818181819
      },
      "ss": {
        "mean": 0.8136363636363636,
        "std": 0.1123527502817255,
        "min": 0.39,
        "max": 0.91,
        "median": 0.865,
        "n": 44,
        "ci_lower": 0.7788636363636364,
        "ci_upper": 0.8438636363636361
      }
    },
    "1A_fact": {
      "total_cases": 44,
      "asr": {
        "mean": 0.0,
        "std": 0.0,
        "min": 0.0,
        "max": 0.0,
        "median": 0.0,
        "n": 44,
        "ci_lower": 0.0,
        "ci_upper": 0.0
      },
      "oss": {
        "mean": 0.050227272727272725,
        "std": 0.05662831914268355,
        "min": 0.0,
        "max": 0.18,
        "median": 0.025,
        "n": 44,
        "ci_lower": 0.034545454545454546,
        "ci_upper": 0.06727272727272728
      },
      "ss": {
        "mean": 0.7997727272727272,
        "std": 0.11209753537886784,
        "min": 0.41,
        "max": 0.91,
        "median": 0.84,
        "n": 44,
        "ci_lower": 0.7647727272727273,
        "ci_upper": 0.8290909090909092
      }
    },
    "1B": {
      "total_cases": 44,
      "asr": {
        "mean": 0.022727272727272728,
        "std": 0.14903269373413638,
        "min": 0.0,
        "max": 1.0,
        "median": 0.0,
        "n": 44,
        "ci_lower": 0.0,
        "ci_upper": 0.06818181818181818
      },
      "oss": {
        "mean": 0.12045454545454547,
        "std": 0.19119189010775328,
        "min": 0.0,
        "max": 1.0,
        "median": 0.05,
        "n": 44,
        "ci_lower": 0.06977272727272726,
        "ci_upper": 0.18295454545454548
      },
      "ss": {
        "mean": 0.7811363636363637,
        "std": 0.1370171838773734,
        "min": 0.31,
        "max": 0.95,
        "median": 0.84,
        "n": 44,
        "ci_lower": 0.7411363636363638,
        "ci_upper": 0.8199999999999998
      }
    },
    "2A_institutional": {
      "total_cases": 44,
      "asr": {
        "mean": 0.09090909090909091,
        "std": 0.28747978728803447,
        "min": 0.0,
        "max": 1.0,
        "median": 0.0,
        "n": 44,
        "ci_lower": 0.022727272727272728,
        "ci_upper": 0.18181818181818182
      },
      "oss": {
        "mean": 0.16522727272727275,
        "std": 0.20829926718724623,
        "min": 0.0,
        "max": 0.82,
        "median": 0.08,
        "n": 44,
        "ci_lower": 0.10749999999999997,
        "ci_upper": 0.2254545454545455
      },
      "ss": {
        "mean": 0.6990909090909091,
        "std": 0.1919377051145191,
        "min": 0.18,
        "max": 0.92,
        "median": 0.75,
        "n": 44,
        "ci_lower": 0.6381818181818182,
        "ci_upper": 0.7518181818181818
      }
    },
    "2B": {
      "total_cases": 44,
      "asr": {
        "mean": 0.022727272727272728,
        "std": 0.14903269373413638,
        "min": 0.0,
        "max": 1.0,
        "median": 0.0,
        "n": 44,
        "ci_lower": 0.0,
        "ci_upper": 0.09090909090909091
      },
      "oss": {
        "mean": 0.13045454545454543,
        "std": 0.18762819309201698,
        "min": 0.0,
        "max": 0.82,
        "median": 0.05,
        "n": 44,
        "ci_lower": 0.07818181818181817,
        "ci_upper": 0.18999999999999997
      },
      "ss": {
        "mean": 0.820909090909091,
        "std": 0.10999624336184853,
        "min": 0.38,
        "max": 0.92,
        "median": 0.865,
        "n": 44,
        "ci_lower": 0.7868181818181817,
        "ci_upper": 0.8511363636363637
      }
    },
    "3": {
      "total_cases": 44,
      "asr": {
        "mean": 0.29545454545454547,
        "std": 0.45624681590647115,
        "min": 0.0,
        "max": 1.0,
        "median": 0.0,
        "n": 44,
        "ci_lower": 0.1590909090909091,
        "ci_upper": 0.4318181818181818
      },
      "oss": {
        "mean": 0.3597727272727273,
        "std": 0.35101468912777867,
        "min": 0.0,
        "max": 0.92,
        "median": 0.18,
        "n": 44,
        "ci_lower": 0.2568181818181818,
        "ci_upper": 0.4643181818181819
      },
      "ss": {
        "mean": 0.6165909090909092,
        "std": 0.24884225728011808,
        "min": 0.18,
        "max": 0.91,
        "median": 0.7,
        "n": 44,
        "ci_lower": 0.5347727272727272,
        "ci_upper": 0.6886363636363637
      }
    },
    "baseline": {
      "total_cases": 44,
      "asr": {
        "mean": 0.0,
        "std": 0.0,
        "min": 0.0,
        "max": 0.0,
        "median": 0.0,
        "n": 44,
        "ci_lower": 0.0,
        "ci_upper": 0.0
      },
      "oss": {
        "mean": 0.06795454545454546,
        "std": 0.09619061439413236,
        "min": 0.0,
        "max": 0.46,
        "median": 0.045,
        "n": 44,
        "ci_lower": 0.04295454545454546,
        "ci_upper": 0.09727272727272727
      },
      "ss": {
        "mean": 0.8309090909090912,
        "std": 0.1152037361653097,
        "min": 0.21,
        "max": 0.92,
        "median": 0.86,
        "n": 44,
        "ci_lower": 0.7940909090909091,
        "ci_upper": 0.8579545454545454
      }
    }
  },
  "by_domain": {
    "finance": {
      "total_cases": 77,
      "asr": {
        "mean": 0.025974025974025976,
        "std": 0.15905777550540118,
        "min": 0.0,
        "max": 1.0,
        "median": 0.0,
        "n": 77,
        "ci_lower": 0.0,
        "ci_upper": 0.06493506493506493
      },
      "oss": {
        "mean": 0.127012987012987,
        "std": 0.18927108940850673,
        "min": 0.0,
        "max": 0.88,
        "median": 0.05,
        "n": 77,
        "ci_lower": 0.08688311688311688,
        "ci_upper": 0.17285714285714288
      },
      "ss": {
        "mean": 0.7528571428571429,
        "std": 0.14978648997439561,
        "min": 0.21,
        "max": 0.91,
        "median": 0.78,
        "n": 77,
        "ci_lower": 0.7193506493506494,
        "ci_upper": 0.7846753246753247
      }
    },
    "health": {
      "total_cases": 77,
      "asr": {
        "mean": 0.03896103896103896,
        "std": 0.19350213539936806,
        "min": 0.0,
        "max": 1.0,
        "median": 0.0,
        "n": 77,
        "ci_lower": 0.0,
        "ci_upper": 0.09090909090909091
      },
      "oss": {
        "mean": 0.16935064935064936,
        "std": 0.2316083666161292,
        "min": 0.0,
        "max": 0.92,
        "median": 0.08,
        "n": 77,
        "ci_lower": 0.11948051948051946,
        "ci_upper": 0.22493506493506493
      },
      "ss": {
        "mean": 0.7940259740259742,
        "std": 0.16582935792171,
        "min": 0.24,
        "max": 0.95,
        "median": 0.86,
        "n": 77,
        "ci_lower": 0.7541558441558441,
        "ci_upper": 0.828051948051948
      }
    },