{
  "experiment": "all",
  "timestamp": "2026-05-21T18:03:06.304458+00:00",
  "overall": {
    "total_cases": 308,
    "asr": {
      "mean": 0.11688311688311688,
      "std": 0.32128095784033717,
      "min": 0.0,
      "max": 1.0,
      "median": 0.0,
      "n": 308,
      "ci_lower": 0.08116883116883117,
      "ci_upper": 0.1525974025974026
    },
    "oss": {
      "mean": 0.2230519480519481,
      "std": 0.3178730611670099,
      "min": 0.0,
      "max": 0.98,
      "median": 0.05,
      "n": 308,
      "ci_lower": 0.1873701298701299,
      "ci_upper": 0.2582467532467532
    },
    "ss": {
      "mean": 0.7337987012987014,
      "std": 0.20341288954900819,
      "min": 0.14,
      "max": 0.94,
      "median": 0.815,
      "n": 308,
      "ci_lower": 0.7111688311688312,
      "ci_upper": 0.7552272727272727
    }
  },
  "by_attack_mode": {
    "1A": {
      "total_cases": 44,
      "asr": {
        "mean": 0.0,
        "std": 0.0,
        "min": 0.0,
        "max": 0.0,
        "median": 0.0,
        "n": 44,
        "ci_lower": 0.0,
        "ci_upper": 0.0
      },
      "oss": {
        "mean": 0.07590909090909091,
        "std": 0.16095338373435084,
        "min": 0.0,
        "max": 0.78,
        "median": 0.02,
        "n": 44,
        "ci_lower": 0.03386363636363637,
        "ci_upper": 0.12409090909090909
      },
      "ss": {
        "mean": 0.8268181818181819,
        "std": 0.09969892694035304,
        "min": 0.38,
        "max": 0.94,
        "median": 0.86,
        "n": 44,
        "ci_lower": 0.7970454545454547,
        "ci_upper": 0.8538636363636364
      }
    },
    "1A_fact": {
      "total_cases": 44,
      "asr": {
        "mean": 0.022727272727272728,
        "std": 0.14903269373413638,
        "min": 0.0,
        "max": 1.0,
        "median": 0.0,
        "n": 44,
        "ci_lower": 0.0,
        "ci_upper": 0.06818181818181818
      },
      "oss": {
        "mean": 0.08772727272727274,
        "std": 0.14469189266041443,
        "min": 0.0,
        "max": 0.78,
        "median": 0.04,
        "n": 44,
        "ci_lower": 0.0490909090909091,
        "ci_upper": 0.13113636363636363
      },
      "ss": {
        "mean": 0.8256818181818183,
        "std": 0.10607453912810401,
        "min": 0.34,
        "max": 0.94,
        "median": 0.86,
        "n": 44,
        "ci_lower": 0.7945454545454546,
        "ci_upper": 0.8554545454545455
      }
    },
    "1B": {
      "total_cases": 44,
      "asr": {
        "mean": 0.022727272727272728,
        "std": 0.14903269373413638,
        "min": 0.0,
        "max": 1.0,
        "median": 0.0,
        "n": 44,
        "ci_lower": 0.0,
        "ci_upper": 0.06818181818181818
      },
      "oss": {
        "mean": 0.08795454545454545,
        "std": 0.1724368072058249,
        "min": 0.0,
        "max": 0.86,
        "median": 0.03,
        "n": 44,
        "ci_lower": 0.04363636363636363,
        "ci_upper": 0.13977272727272727
      },
      "ss": {
        "mean": 0.786818181818182,
        "std": 0.14428149139903768,
        "min": 0.31,
        "max": 0.94,
        "median": 0.84,
        "n": 44,
        "ci_lower": 0.7443181818181818,
        "ci_upper": 0.8272727272727274
      }
    },
    "2A_institutional": {
      "total_cases": 44,
      "asr": {
        "mean": 0.1590909090909091,
        "std": 0.36576083953252464,
        "min": 0.0,
        "max": 1.0,
        "median": 0.0,
        "n": 44,
        "ci_lower": 0.06818181818181818,
        "ci_upper": 0.2727272727272727
      },
      "oss": {
        "mean": 0.2938636363636363,
        "std": 0.3592429913853632,
        "min": 0.0,
        "max": 0.97,
        "median": 0.05,
        "n": 44,
        "ci_lower": 0.18999999999999997,
        "ci_upper": 0.3977272727272728
      },
      "ss": {
        "mean": 0.6784090909090909,
        "std": 0.22570035628338359,
        "min": 0.18,
        "max": 0.91,
        "median": 0.74,
        "n": 44,
        "ci_lower": 0.6056818181818182,
        "ci_upper": 0.7427272727272727
      }
    },
    "2B": {
      "total_cases": 44,
      "asr": {
        "mean": 0.18181818181818182,
        "std": 0.38569460791993493,
        "min": 0.0,
        "max": 1.0,
        "median": 0.0,
        "n": 44,
        "ci_lower": 0.06818181818181818,
        "ci_upper": 0.3181818181818182
      },
      "oss": {
        "mean": 0.2531818181818182,
        "std": 0.3040915885302914,
        "min": 0.0,
        "max": 0.95,
        "median": 0.08,
        "n": 44,
        "ci_lower": 0.16522727272727275,
        "ci_upper": 0.34159090909090906
      },
      "ss": {
        "mean": 0.7390909090909091,
        "std": 0.1640650949224143,
        "min": 0.23,
        "max": 0.94,
        "median": 0.765,
        "n": 44,
        "ci_lower": 0.6895454545454546,
        "ci_upper": 0.7875
      }
    },
    "3": {
      "total_cases": 44,
      "asr": {
        "mean": 0.4318181818181818,
        "std": 0.4953294254023492,
        "min": 0.0,
        "max": 1.0,
        "median": 0.0,
        "n": 44,
        "ci_lower": 0.29545454545454547,
        "ci_upper": 0.5681818181818182
      },
      "oss": {
        "mean": 0.6154545454545454,
        "std": 0.35033396109643816,
        "min": 0.0,
        "max": 0.98,
        "median": 0.78,
        "n": 44,
        "ci_lower": 0.5049999999999999,
        "ci_upper": 0.7170454545454545
      },
      "ss": {
        "mean": 0.5009090909090909,
        "std": 0.2632473619121738,
        "min": 0.14,
        "max": 0.93,
        "median": 0.515,
        "n": 44,
        "ci_lower": 0.4225,
        "ci_upper": 0.5831818181818182
      }
    },
    "baseline": {
      "total_cases": 44,
      "asr": {
        "mean": 0.0,
        "std": 0.0,
        "min": 0.0,
        "max": 0.0,
        "median": 0.0,
        "n": 44,
        "ci_lower": 0.0,
        "ci_upper": 0.0
      },
      "oss": {
        "mean": 0.14727272727272725,
        "std": 0.25021230654607585,
        "min": 0.0,
        "max": 0.82,
        "median": 0.04,
        "n": 44,
        "ci_lower": 0.07340909090909091,
        "ci_upper": 0.2218181818181818
      },
      "ss": {
        "mean": 0.7788636363636364,
        "std": 0.1456055679050725,
        "min": 0.19,
        "max": 0.91,
        "median": 0.86,
        "n": 44,
        "ci_lower": 0.7324999999999999,
        "ci_upper": 0.8177272727272729
      }
    }
  },
  "by_domain": {
    "finance": {
      "total_cases": 77,
      "asr": {
        "mean": 0.03896103896103896,
        "std": 0.19350213539936806,
        "min": 0.0,
        "max": 1.0,
        "median": 0.0,
        "n": 77,
        "ci_lower": 0.0,
        "ci_upper": 0.09090909090909091
      },
      "oss": {
        "mean": 0.17116883116883116,
        "std": 0.24901350313344392,
        "min": 0.0,
        "max": 0.88,
        "median": 0.08,
        "n": 77,
        "ci_lower": 0.11649350649350648,
        "ci_upper": 0.2323376623376623
      },
      "ss": {
        "mean": 0.7516883116883118,
        "std": 0.19151753910663455,
        "min": 0.18,
        "max": 0.93,
        "median": 0.84,
        "n": 77,
        "ci_lower": 0.7102597402597404,
        "ci_upper": 0.795064935064935
      }
    },
    "health": {
      "total_cases": 77,
      "asr": {
        "mean": 0.0,
        "std": 0.0,
        "min": 0.0,
        "max": 0.0,
        "median": 0.0,
        "n": 77,
        "ci_lower": 0.0,
        "ci_upper": 0.0
      },
      "oss": {
        "mean": 0.26779220779220786,
        "std": 0.32258140370641886,
        "min": 0.0,
        "max": 0.9,
        "median": 0.12,
        "n": 77,
        "ci_lower": 0.19883116883116886,
        "ci_upper": 0.3445454545454546
      },
      "ss": {
        "mean": 0.7911688311688313,
        "std": 0.13873242512747594,
        "min": 0.18,
        "max": 0.94,
        "median": 0.84,
        "n": 77,
        "ci_lower": 0.7594805194805194,
        "ci_upper": 0.8212987012987013
      }
    },