{
  "experiment": "all",
  "timestamp": "2026-05-21T13:55:06.019720+00:00",
  "overall": {
    "total_cases": 308,
    "asr": {
      "mean": 0.11038961038961038,
      "std": 0.31337476654580915,
      "min": 0.0,
      "max": 1.0,
      "median": 0.0,
      "n": 308,
      "ci_lower": 0.07467532467532467,
      "ci_upper": 0.1461038961038961
    },
    "oss": {
      "mean": 0.21681818181818183,
      "std": 0.3189332962574295,
      "min": 0.0,
      "max": 1.0,
      "median": 0.05,
      "n": 308,
      "ci_lower": 0.18012987012987014,
      "ci_upper": 0.25253246753246755
    },
    "ss": {
      "mean": 0.7148701298701299,
      "std": 0.19581908232825326,
      "min": 0.08,
      "max": 0.95,
      "median": 0.74,
      "n": 308,
      "ci_lower": 0.6914935064935065,
      "ci_upper": 0.7362012987012987
    }
  },
  "by_attack_mode": {
    "1A": {
      "total_cases": 44,
      "asr": {
        "mean": 0.0,
        "std": 0.0,
        "min": 0.0,
        "max": 0.0,
        "median": 0.0,
        "n": 44,
        "ci_lower": 0.0,
        "ci_upper": 0.0
      },
      "oss": {
        "mean": 0.11272727272727273,
        "std": 0.21870864426076111,
        "min": 0.0,
        "max": 0.9,
        "median": 0.025,
        "n": 44,
        "ci_lower": 0.054318181818181814,
        "ci_upper": 0.18204545454545454
      },
      "ss": {
        "mean": 0.7984090909090908,
        "std": 0.10806023534496823,
        "min": 0.46,
        "max": 0.93,
        "median": 0.84,
        "n": 44,
        "ci_lower": 0.7652272727272728,
        "ci_upper": 0.8272727272727273
      }
    },
    "1A_fact": {
      "total_cases": 44,
      "asr": {
        "mean": 0.0,
        "std": 0.0,
        "min": 0.0,
        "max": 0.0,
        "median": 0.0,
        "n": 44,
        "ci_lower": 0.0,
        "ci_upper": 0.0
      },
      "oss": {
        "mean": 0.06909090909090909,
        "std": 0.11084014250298779,
        "min": 0.0,
        "max": 0.7,
        "median": 0.05,
        "n": 44,
        "ci_lower": 0.041818181818181824,
        "ci_upper": 0.10295454545454547
      },
      "ss": {
        "mean": 0.8052272727272729,
        "std": 0.11185397616299153,
        "min": 0.46,
        "max": 0.93,
        "median": 0.85,
        "n": 44,
        "ci_lower": 0.7711363636363635,
        "ci_upper": 0.8375
      }
    },
    "1B": {
      "total_cases": 44,
      "asr": {
        "mean": 0.022727272727272728,
        "std": 0.14903269373413638,
        "min": 0.0,
        "max": 1.0,
        "median": 0.0,
        "n": 44,
        "ci_lower": 0.0,
        "ci_upper": 0.06818181818181818
      },
      "oss": {
        "mean": 0.13477272727272727,
        "std": 0.23043919170657617,
        "min": 0.0,
        "max": 0.88,
        "median": 0.05,
        "n": 44,
        "ci_lower": 0.07181818181818181,
        "ci_upper": 0.2075
      },
      "ss": {
        "mean": 0.7713636363636365,
        "std": 0.12213239666054862,
        "min": 0.34,
        "max": 0.95,
        "median": 0.78,
        "n": 44,
        "ci_lower": 0.7320454545454546,
        "ci_upper": 0.8045454545454546
      }
    },
    "2A_institutional": {
      "total_cases": 44,
      "asr": {
        "mean": 0.11363636363636363,
        "std": 0.3173690919038395,
        "min": 0.0,
        "max": 1.0,
        "median": 0.0,
        "n": 44,
        "ci_lower": 0.022727272727272728,
        "ci_upper": 0.20454545454545456
      },
      "oss": {
        "mean": 0.28159090909090906,
        "std": 0.3478632384208312,
        "min": 0.0,
        "max": 0.92,
        "median": 0.07,
        "n": 44,
        "ci_lower": 0.18636363636363634,
        "ci_upper": 0.38477272727272727
      },
      "ss": {
        "mean": 0.6877272727272727,
        "std": 0.18417955217128892,
        "min": 0.23,
        "max": 0.91,
        "median": 0.72,
        "n": 44,
        "ci_lower": 0.6311363636363636,
        "ci_upper": 0.7420454545454546
      }
    },
    "2B": {
      "total_cases": 44,
      "asr": {
        "mean": 0.22727272727272727,
        "std": 0.4190702026042221,
        "min": 0.0,
        "max": 1.0,
        "median": 0.0,
        "n": 44,
        "ci_lower": 0.11363636363636363,
        "ci_upper": 0.36363636363636365
      },
      "oss": {
        "mean": 0.2534090909090909,
        "std": 0.32910307297961855,
        "min": 0.0,
        "max": 0.95,
        "median": 0.08,
        "n": 44,
        "ci_lower": 0.16045454545454543,
        "ci_upper": 0.3529545454545454
      },
      "ss": {
        "mean": 0.7093181818181817,
        "std": 0.17402191250833285,
        "min": 0.18,
        "max": 0.91,
        "median": 0.715,
        "n": 44,
        "ci_lower": 0.6568181818181819,
        "ci_upper": 0.7600000000000001
      }
    },
    "3": {
      "total_cases": 44,
      "asr": {
        "mean": 0.4090909090909091,
        "std": 0.4916660830178167,
        "min": 0.0,
        "max": 1.0,
        "median": 0.0,
        "n": 44,
        "ci_lower": 0.2727272727272727,
        "ci_upper": 0.5681818181818182
      },
      "oss": {
        "mean": 0.5359090909090908,
        "std": 0.4114459987864208,
        "min": 0.0,
        "max": 1.0,
        "median": 0.78,
        "n": 44,
        "ci_lower": 0.40977272727272723,
        "ci_upper": 0.6488636363636364
      },
      "ss": {
        "mean": 0.49727272727272726,
        "std": 0.27936098865709774,
        "min": 0.08,
        "max": 0.93,
        "median": 0.41,
        "n": 44,
        "ci_lower": 0.41659090909090907,
        "ci_upper": 0.5813636363636363
      }
    },
    "baseline": {
      "total_cases": 44,
      "asr": {
        "mean": 0.0,
        "std": 0.0,
        "min": 0.0,
        "max": 0.0,
        "median": 0.0,
        "n": 44,
        "ci_lower": 0.0,
        "ci_upper": 0.0
      },
      "oss": {
        "mean": 0.13022727272727275,
        "std": 0.21438589501987085,
        "min": 0.0,
        "max": 0.78,
        "median": 0.05,
        "n": 44,
        "ci_lower": 0.0715909090909091,
        "ci_upper": 0.19568181818181818
      },
      "ss": {
        "mean": 0.7347727272727272,
        "std": 0.14218247936372655,
        "min": 0.31,
        "max": 0.91,
        "median": 0.74,
        "n": 44,
        "ci_lower": 0.6913636363636363,
        "ci_upper": 0.7734090909090908
      }
    }
  },
  "by_domain": {
    "finance": {
      "total_cases": 77,
      "asr": {
        "mean": 0.025974025974025976,
        "std": 0.1590577755054012,
        "min": 0.0,
        "max": 1.0,
        "median": 0.0,
        "n": 77,
        "ci_lower": 0.0,
        "ci_upper": 0.06493506493506493
      },
      "oss": {
        "mean": 0.18363636363636363,
        "std": 0.28326899285670076,
        "min": 0.0,
        "max": 0.95,
        "median": 0.05,
        "n": 77,
        "ci_lower": 0.12220779220779224,
        "ci_upper": 0.2544155844155844
      },
      "ss": {
        "mean": 0.7187012987012988,
        "std": 0.18695336351128725,
        "min": 0.18,
        "max": 0.91,
        "median": 0.74,
        "n": 77,
        "ci_lower": 0.675064935064935,
        "ci_upper": 0.7618181818181818
      }
    },
    "health": {
      "total_cases": 77,
      "asr": {
        "mean": 0.03896103896103896,
        "std": 0.19350213539936806,
        "min": 0.0,
        "max": 1.0,
        "median": 0.0,
        "n": 77,
        "ci_lower": 0.0,
        "ci_upper": 0.09090909090909091
      },
      "oss": {
        "mean": 0.2603896103896104,
        "std": 0.32522695994716,
        "min": 0.0,
        "max": 0.92,
        "median": 0.08,
        "n": 77,
        "ci_lower": 0.1961038961038961,
        "ci_upper": 0.328961038961039
      },
      "ss": {
        "mean": 0.7735064935064935,
        "std": 0.15363784566366465,
        "min": 0.12,
        "max": 0.95,
        "median": 0.84,
        "n": 77,
        "ci_lower": 0.7361038961038961,
        "ci_upper": 0.8071428571428572
      }
    },