{
  "experiment": "all",
  "timestamp": "2026-05-19T20:20:14.376243+00:00",
  "overall": {
    "total_cases": 308,
    "asr": {
      "mean": 0.07792207792207792,
      "std": 0.26804892779935446,
      "min": 0.0,
      "max": 1.0,
      "median": 0.0,
      "n": 308,
      "ci_lower": 0.048701298701298704,
      "ci_upper": 0.11038961038961038
    },
    "oss": {
      "mean": 0.18974025974025976,
      "std": 0.2888871348655762,
      "min": 0.0,
      "max": 1.0,
      "median": 0.05,
      "n": 308,
      "ci_lower": 0.15762987012987012,
      "ci_upper": 0.2223701298701299
    },
    "ss": {
      "mean": 0.6476872964169381,
      "std": 0.2664390463288959,
      "min": 0.02,
      "max": 0.94,
      "median": 0.74,
      "n": 307,
      "ci_lower": 0.6174918566775244,
      "ci_upper": 0.6756351791530946
    }
  },
  "by_attack_mode": {
    "1A": {
      "total_cases": 44,
      "asr": {
        "mean": 0.0,
        "std": 0.0,
        "min": 0.0,
        "max": 0.0,
        "median": 0.0,
        "n": 44,
        "ci_lower": 0.0,
        "ci_upper": 0.0
      },
      "oss": {
        "mean": 0.10772727272727273,
        "std": 0.20971694816372718,
        "min": 0.0,
        "max": 1.0,
        "median": 0.05,
        "n": 44,
        "ci_lower": 0.05295454545454547,
        "ci_upper": 0.1725
      },
      "ss": {
        "mean": 0.635,
        "std": 0.2828065512935396,
        "min": 0.02,
        "max": 0.91,
        "median": 0.73,
        "n": 44,
        "ci_lower": 0.5552272727272728,
        "ci_upper": 0.7163636363636363
      }
    },
    "1A_fact": {
      "total_cases": 44,
      "asr": {
        "mean": 0.022727272727272728,
        "std": 0.14903269373413638,
        "min": 0.0,
        "max": 1.0,
        "median": 0.0,
        "n": 44,
        "ci_lower": 0.0,
        "ci_upper": 0.06818181818181818
      },
      "oss": {
        "mean": 0.13,
        "std": 0.22132863266275254,
        "min": 0.0,
        "max": 0.82,
        "median": 0.05,
        "n": 44,
        "ci_lower": 0.06818181818181818,
        "ci_upper": 0.1963636363636364
      },
      "ss": {
        "mean": 0.7132558139534884,
        "std": 0.25120843685128835,
        "min": 0.05,
        "max": 0.91,
        "median": 0.84,
        "n": 43,
        "ci_lower": 0.6372093023255813,
        "ci_upper": 0.7823255813953488
      }
    },
    "1B": {
      "total_cases": 44,
      "asr": {
        "mean": 0.0,
        "std": 0.0,
        "min": 0.0,
        "max": 0.0,
        "median": 0.0,
        "n": 44,
        "ci_lower": 0.0,
        "ci_upper": 0.0
      },
      "oss": {
        "mean": 0.10386363636363635,
        "std": 0.1970603957845839,
        "min": 0.0,
        "max": 0.86,
        "median": 0.02,
        "n": 44,
        "ci_lower": 0.052272727272727276,
        "ci_upper": 0.1659090909090909
      },
      "ss": {
        "mean": 0.6936363636363635,
        "std": 0.27260603365805547,
        "min": 0.06,
        "max": 0.93,
        "median": 0.825,
        "n": 44,
        "ci_lower": 0.6127272727272726,
        "ci_upper": 0.7699999999999999
      }
    },
    "2A_institutional": {
      "total_cases": 44,
      "asr": {
        "mean": 0.11363636363636363,
        "std": 0.31736909190383955,
        "min": 0.0,
        "max": 1.0,
        "median": 0.0,
        "n": 44,
        "ci_lower": 0.022727272727272728,
        "ci_upper": 0.22727272727272727
      },
      "oss": {
        "mean": 0.2540909090909091,
        "std": 0.3312189483340849,
        "min": 0.0,
        "max": 0.92,
        "median": 0.055,
        "n": 44,
        "ci_lower": 0.1622727272727273,
        "ci_upper": 0.3570454545454545
      },
      "ss": {
        "mean": 0.6472727272727273,
        "std": 0.21798002031424432,
        "min": 0.12,
        "max": 0.91,
        "median": 0.685,
        "n": 44,
        "ci_lower": 0.58,
        "ci_upper": 0.7088636363636365
      }
    },
    "2B": {
      "total_cases": 44,
      "asr": {
        "mean": 0.09090909090909091,
        "std": 0.28747978728803447,
        "min": 0.0,
        "max": 1.0,
        "median": 0.0,
        "n": 44,
        "ci_lower": 0.022727272727272728,
        "ci_upper": 0.18181818181818182
      },
      "oss": {
        "mean": 0.20704545454545456,
        "std": 0.2918559696576265,
        "min": 0.0,
        "max": 0.92,
        "median": 0.05,
        "n": 44,
        "ci_lower": 0.11977272727272727,
        "ci_upper": 0.2938636363636364
      },
      "ss": {
        "mean": 0.6427272727272727,
        "std": 0.25495421724804235,
        "min": 0.12,
        "max": 0.94,
        "median": 0.74,
        "n": 44,
        "ci_lower": 0.5652272727272727,
        "ci_upper": 0.7118181818181818
      }
    },
    "3": {
      "total_cases": 44,
      "asr": {
        "mean": 0.3181818181818182,
        "std": 0.46577048936179993,
        "min": 0.0,
        "max": 1.0,
        "median": 0.0,
        "n": 44,
        "ci_lower": 0.18181818181818182,
        "ci_upper": 0.45454545454545453
      },
      "oss": {
        "mean": 0.4036363636363637,
        "std": 0.37790746167120975,
        "min": 0.0,
        "max": 0.98,
        "median": 0.22,
        "n": 44,
        "ci_lower": 0.2911363636363637,
        "ci_upper": 0.5168181818181818
      },
      "ss": {
        "mean": 0.5043181818181819,
        "std": 0.2699107405258999,
        "min": 0.08,
        "max": 0.93,
        "median": 0.435,
        "n": 44,
        "ci_lower": 0.4227272727272728,
        "ci_upper": 0.5870454545454545
      }
    },
    "baseline": {
      "total_cases": 44,
      "asr": {
        "mean": 0.0,
        "std": 0.0,
        "min": 0.0,
        "max": 0.0,
        "median": 0.0,
        "n": 44,
        "ci_lower": 0.0,
        "ci_upper": 0.0
      },
      "oss": {
        "mean": 0.12181818181818183,
        "std": 0.20546259034933306,
        "min": 0.0,
        "max": 0.9,
        "median": 0.05,
        "n": 44,
        "ci_lower": 0.06954545454545454,
        "ci_upper": 0.18477272727272728
      },
      "ss": {
        "mean": 0.6990909090909091,
        "std": 0.2535459271810191,
        "min": 0.02,
        "max": 0.94,
        "median": 0.8,
        "n": 44,
        "ci_lower": 0.6193181818181818,
        "ci_upper": 0.7722727272727272
      }
    }
  },
  "by_domain": {
    "finance": {
      "total_cases": 77,
      "asr": {
        "mean": 0.05194805194805195,
        "std": 0.22192217520305277,
        "min": 0.0,
        "max": 1.0,
        "median": 0.0,
        "n": 77,
        "ci_lower": 0.012987012987012988,
        "ci_upper": 0.11688311688311688
      },
      "oss": {
        "mean": 0.20298701298701302,
        "std": 0.27724088140973,
        "min": 0.0,
        "max": 0.92,
        "median": 0.05,
        "n": 77,
        "ci_lower": 0.14493506493506497,
        "ci_upper": 0.27090909090909093
      },
      "ss": {
        "mean": 0.6372727272727273,
        "std": 0.2263065175940565,
        "min": 0.02,
        "max": 0.91,
        "median": 0.71,
        "n": 77,
        "ci_lower": 0.5840259740259741,
        "ci_upper": 0.6836363636363636
      }
    },
    "health": {
      "total_cases": 77,
      "asr": {
        "mean": 0.025974025974025976,
        "std": 0.1590577755054012,
        "min": 0.0,
        "max": 1.0,
        "median": 0.0,
        "n": 77,
        "ci_lower": 0.0,
        "ci_upper": 0.06493506493506493
      },
      "oss": {
        "mean": 0.22883116883116886,
        "std": 0.3046094967692414,
        "min": 0.0,
        "max": 0.92,
        "median": 0.05,
        "n": 77,
        "ci_lower": 0.16298701298701299,
        "ci_upper": 0.29818181818181816
      },
      "ss": {
        "mean": 0.6702597402597403,
        "std": 0.2819135633670756,
        "min": 0.06,
        "max": 0.93,
        "median": 0.84,
        "n": 77,
        "ci_lower": 0.602857142857143,
        "ci_upper": 0.7332467532467533
      }
    },